range,traffic
3600,3
7200,3
10800,3
14400,2
18000,2
21600,2
25200,2
28800,4
32400,4
36000,4
39600,5
43200,5
46800,5
50400,4
54000,3
57600,3
61200,3
64800,3
68400,3
72000,4
75600,4
79200,4
82800,3
86400,3
90000,3
93600,3
97200,3
100800,2
104400,2
108000,2
111600,2
115200,4
118800,4
122400,4
126000,5
129600,5
133200,5
136800,4
140400,3
144000,3
147600,3
151200,3
154800,3
158400,4
162000,4
165600,4
169200,3
172800,3
176400,3
180000,3
183600,3
187200,2
190800,2
194400,2
198000,2
201600,4
205200,4
208800,4
212400,5
216000,5
219600,5
223200,4
226800,3
230400,3
234000,3
237600,3
241200,3
244800,4
248400,4
252000,4
255600,3
259200,3
262800,3
266400,3
270000,3
273600,2
277200,2
280800,2
284400,2
288000,4
291600,4
295200,4
298800,5
302400,5
306000,5
309600,4
313200,3
316800,3
320400,3
324000,3
327600,3
331200,4
334800,4
338400,4
342000,3
345600,3
349200,3
352800,3
356400,3
360000,2
363600,2
367200,2
370800,2
374400,4
378000,4
381600,4
385200,5
388800,5
392400,5
396000,4
399600,3
403200,3
406800,3
410400,3
414000,3
417600,4
421200,4
424800,4
428400,3
432000,3
435600,3
439200,3
442800,3
446400,2
450000,2
453600,2
457200,2
460800,4
464400,4
468000,4
471600,5
475200,5
478800,5
482400,4
486000,3
489600,3
493200,3
496800,3
500400,3
504000,4
507600,4
511200,4
514800,3
518400,3
522000,3
525600,3
529200,3
532800,2
536400,2
540000,2
543600,2
547200,4
550800,4
554400,4
558000,5
561600,5
565200,5
568800,4
572400,3
576000,3
579600,3
583200,3
586800,3
590400,4
594000,4
597600,4
601200,3
604800,3
608400,3
612000,3
615600,3
619200,2
622800,2
626400,2
630000,2
633600,4
637200,4
640800,4
644400,5
648000,5
651600,5
655200,4
658800,3
662400,3
666000,3
669600,3
673200,3
676800,4
680400,4
684000,4
687600,3
691200,3
694800,3
698400,3
702000,3
705600,2
709200,2
712800,2
716400,2
720000,4
723600,4
727200,4
730800,5
734400,5
738000,5
741600,4
745200,3
748800,3
752400,3
756000,3
759600,3
763200,4
766800,4
770400,4
774000,3
777600,3
781200,3
784800,3
788400,3
792000,2
795600,2
799200,2
802800,2
806400,4
810000,4
813600,4
817200,5
820800,5
824400,5
828000,4
831600,3
835200,3
838800,3
842400,3
846000,3
849600,4
853200,4
856800,4
860400,3
864000,3
867600,3
871200,3
874800,3
878400,2
882000,2
885600,2
889200,2
892800,4
896400,4
900000,4
903600,5
907200,5
910800,5
914400,4
918000,3
921600,3
925200,3
928800,3
932400,3
936000,4
939600,4
943200,4
946800,3
950400,3
954000,3
957600,3
961200,3
964800,2
968400,2
972000,2
975600,2
979200,4
982800,4
986400,4
990000,5
993600,5
997200,5
1000800,4
1004400,3
1008000,3
1011600,3
1015200,3
1018800,3
1022400,4
1026000,4
1029600,4
1033200,3
1036800,3
1040400,3
1044000,3
1047600,3
1051200,2
1054800,2
1058400,2
1062000,2
1065600,4
1069200,4
1072800,4
1076400,5
1080000,5
1083600,5
1087200,4
1090800,3
1094400,3
1098000,3
1101600,3
1105200,3
1108800,4
1112400,4
1116000,4
1119600,3
1123200,3
1126800,3
1130400,3
1134000,3
1137600,2
1141200,2
1144800,2
1148400,2
1152000,4
1155600,4
1159200,4
1162800,5
1166400,5
1170000,5
1173600,4
1177200,3
1180800,3
1184400,3
1188000,3
1191600,3
1195200,4
1198800,4
1202400,4
1206000,3
1209600,3
1213200,3
1216800,3
1220400,3
1224000,2
1227600,2
1231200,2
1234800,2
1238400,4
1242000,4
1245600,4
1249200,5
1252800,5
1256400,5
1260000,4
1263600,3
1267200,3
1270800,3
1274400,3
1278000,3
1281600,4
1285200,4
1288800,4
1292400,3
1296000,3
1299600,3
1303200,3
1306800,3
1310400,2
1314000,2
1317600,2
1321200,2
1324800,4
1328400,4
1332000,4
1335600,5
1339200,5
1342800,5
1346400,4
1350000,3
1353600,3
1357200,3
1360800,3
1364400,3
1368000,4
1371600,4
1375200,4
1378800,3
1382400,3
1386000,3
1389600,3
1393200,3
1396800,2
1400400,2
1404000,2
1407600,2
1411200,4
1414800,4
1418400,4
1422000,5
1425600,5
1429200,5
1432800,4
1436400,3
1440000,3
1443600,3
1447200,3
1450800,3
1454400,4
1458000,4
1461600,4
1465200,3
1468800,3
1472400,3
1476000,3
1479600,3
1483200,2
1486800,2
1490400,2
1494000,2
1497600,4
1501200,4
1504800,4
1508400,5
1512000,5
1515600,5
1519200,4
1522800,3
1526400,3
1530000,3
1533600,3
1537200,3
1540800,4
1544400,4
1548000,4
1551600,3
1555200,3
1558800,3
1562400,3
1566000,3
1569600,2
1573200,2
1576800,2
1580400,2
1584000,4
1587600,4
1591200,4
1594800,5
1598400,5
1602000,5
1605600,4
1609200,3
1612800,3
1616400,3
1620000,3
1623600,3
1627200,4
1630800,4
1634400,4
1638000,3
1641600,3
1645200,3
1648800,3
1652400,3
1656000,2
1659600,2
1663200,2
1666800,2
1670400,4
1674000,4
1677600,4
1681200,5
1684800,5
1688400,5
1692000,4
1695600,3
1699200,3
1702800,3
1706400,3
1710000,3
1713600,4
1717200,4
1720800,4
1724400,3
1728000,3
1731600,3
1735200,3
1738800,3
1742400,2
1746000,2
1749600,2
1753200,2
1756800,4
1760400,4
1764000,4
1767600,5
1771200,5
1774800,5
1778400,4
1782000,3
1785600,3
1789200,3
1792800,3
1796400,3
1800000,4
1803600,4
1807200,4
1810800,3
1814400,3
1818000,3
1821600,3
1825200,3
1828800,2
1832400,2
1836000,2
1839600,2
1843200,4
1846800,4
1850400,4
1854000,5
1857600,5
1861200,5
1864800,4
1868400,3
1872000,3
1875600,3
1879200,3
1882800,3
1886400,4
1890000,4
1893600,4
1897200,3
1900800,3
1904400,3
1908000,3
1911600,3
1915200,2
1918800,2
1922400,2
1926000,2
1929600,4
1933200,4
1936800,4
1940400,5
1944000,5
1947600,5
1951200,4
1954800,3
1958400,3
1962000,3
1965600,3
1969200,3
1972800,4
1976400,4
1980000,4
1983600,3
1987200,3
1990800,3
1994400,3
1998000,3
2001600,2
2005200,2
2008800,2
2012400,2
2016000,4
2019600,4
2023200,4
2026800,5
2030400,5
2034000,5
2037600,4
2041200,3
2044800,3
2048400,3
2052000,3
2055600,3
2059200,4
2062800,4
2066400,4
2070000,3
2073600,3
2077200,3
2080800,3
2084400,3
2088000,2
2091600,2
2095200,2
2098800,2
2102400,4
2106000,4
2109600,4
2113200,5
2116800,5
2120400,5
2124000,4
2127600,3
2131200,3
2134800,3
2138400,3
2142000,3
2145600,4
2149200,4
2152800,4
2156400,3
2160000,3
2163600,3
2167200,3
2170800,3
2174400,2
2178000,2
2181600,2
2185200,2
2188800,4
2192400,4
2196000,4
2199600,5
2203200,5
2206800,5
2210400,4
2214000,3
2217600,3
2221200,3
2224800,3
2228400,3
2232000,4
2235600,4
2239200,4
2242800,3
2246400,3
2250000,3
2253600,3
2257200,3
2260800,2
2264400,2
2268000,2
2271600,2
2275200,4
2278800,4
2282400,4
2286000,5
2289600,5
2293200,5
2296800,4
2300400,3
2304000,3
2307600,3
2311200,3
2314800,3
2318400,4
2322000,4
2325600,4
2329200,3
2332800,3
2336400,3
2340000,3
2343600,3
2347200,2
2350800,2
2354400,2
2358000,2
2361600,4
2365200,4
2368800,4
2372400,5
2376000,5
2379600,5
2383200,4
2386800,3
2390400,3
2394000,3
2397600,3
2401200,3
2404800,4
2408400,4
2412000,4
2415600,3
2419200,3
2422800,3
2426400,3
2430000,3
2433600,2
2437200,2
2440800,2
2444400,2
2448000,4
2451600,4
2455200,4
2458800,5
2462400,5
2466000,5
2469600,4
2473200,3
2476800,3
2480400,3
2484000,3
2487600,3
2491200,4
2494800,4
2498400,4
2502000,3
2505600,3
2509200,3
2512800,3
2516400,3
2520000,2
2523600,2
2527200,2
2530800,2
2534400,4
2538000,4
2541600,4
2545200,5
2548800,5
2552400,5
2556000,4
2559600,3
2563200,3
2566800,3
2570400,3
2574000,3
2577600,4
2581200,4
2584800,4
2588400,3
2592000,3
2595600,3
2599200,3
2602800,3
2606400,2
2610000,2
2613600,2
2617200,2
2620800,4
2624400,4
2628000,4
2631600,5
2635200,5
2638800,5
2642400,4
2646000,3
2649600,3
2653200,3
2656800,3
2660400,3
2664000,4
2667600,4
2671200,4
2674800,3
2678400,3
2682000,3
2685600,3
2689200,3
2692800,2
2696400,2
2700000,2
2703600,2
2707200,4
2710800,4
2714400,4
2718000,5
2721600,5
2725200,5
2728800,4
2732400,3
2736000,3
2739600,3
2743200,3
2746800,3
2750400,4
2754000,4
2757600,4
2761200,3
2764800,3
2768400,3
2772000,3
2775600,3
2779200,2
2782800,2
2786400,2
2790000,2
2793600,4
2797200,4
2800800,4
2804400,5
2808000,5
2811600,5
2815200,4
2818800,3
2822400,3
2826000,3
2829600,3
2833200,3
2836800,4
2840400,4
2844000,4
2847600,3
2851200,3
2854800,3
2858400,3
2862000,3
2865600,2
2869200,2
2872800,2
2876400,2
2880000,4
2883600,4
2887200,4
2890800,5
2894400,5
2898000,5
2901600,4
2905200,3
2908800,3
2912400,3
2916000,3
2919600,3
2923200,4
2926800,4
2930400,4
2934000,3
2937600,3
2941200,3
2944800,3
2948400,3
2952000,2
2955600,2
2959200,2
2962800,2
2966400,4
2970000,4
2973600,4
2977200,5
2980800,5
2984400,5
2988000,4
2991600,3
2995200,3
2998800,3
3002400,3
3006000,3
3009600,4
3013200,4
3016800,4
3020400,3
3024000,3
3027600,3
3031200,3
3034800,3
3038400,2
3042000,2
3045600,2
3049200,2
3052800,4
3056400,4
3060000,4
3063600,5
3067200,5
3070800,5
3074400,4
3078000,3
3081600,3
3085200,3
3088800,3
3092400,3
3096000,4
3099600,4
3103200,4
3106800,3
3110400,3
3114000,3
3117600,3
3121200,3
3124800,2
3128400,2
3132000,2
3135600,2
3139200,4
3142800,4
3146400,4
3150000,5
3153600,5
3157200,5
3160800,4
3164400,3
3168000,3
3171600,3
3175200,3
3178800,3
3182400,4
3186000,4
3189600,4
3193200,3
3196800,3
3200400,3
3204000,3
3207600,3
3211200,2
3214800,2
3218400,2
3222000,2
3225600,4
3229200,4
3232800,4
3236400,5
3240000,5
3243600,5
3247200,4
3250800,3
3254400,3
3258000,3
3261600,3
3265200,3
3268800,4
3272400,4
3276000,4
3279600,3
3283200,3
3286800,3
3290400,3
3294000,3
3297600,2
3301200,2
3304800,2
3308400,2
3312000,4
3315600,4
3319200,4
3322800,5
3326400,5
3330000,5
3333600,4
3337200,3
3340800,3
3344400,3
3348000,3
3351600,3
3355200,4
3358800,4
3362400,4
3366000,3
3369600,3
3373200,3
3376800,3
3380400,3
3384000,2
3387600,2
3391200,2
3394800,2
3398400,4
3402000,4
3405600,4
3409200,5
3412800,5
3416400,5
3420000,4
3423600,3
3427200,3
3430800,3
3434400,3
3438000,3
3441600,4
3445200,4
3448800,4
3452400,3
3456000,3
3459600,3
3463200,3
3466800,3
3470400,2
3474000,2
3477600,2
3481200,2
3484800,4
3488400,4
3492000,4
3495600,5
3499200,5
3502800,5
3506400,4
3510000,3
3513600,3
3517200,3
3520800,3
3524400,3
3528000,4
3531600,4
3535200,4
3538800,3
3542400,3
3546000,3
3549600,3
3553200,3
3556800,2
3560400,2
3564000,2
3567600,2
3571200,4
3574800,4
3578400,4
3582000,5
3585600,5
3589200,5
3592800,4
3596400,3
3600000,3
3603600,3
3607200,3
3610800,3
3614400,4
3618000,4
3621600,4
3625200,3
3628800,3
3632400,3
3636000,3
3639600,3
3643200,2
3646800,2
3650400,2
3654000,2
3657600,4
3661200,4
3664800,4
3668400,5
3672000,5
3675600,5
3679200,4
3682800,3
3686400,3
3690000,3
3693600,3
3697200,3
3700800,4
3704400,4
3708000,4
3711600,3
3715200,3
3718800,3
3722400,3
3726000,3
3729600,2
3733200,2
3736800,2
3740400,2
3744000,4
3747600,4
3751200,4
3754800,5
3758400,5
3762000,5
3765600,4
3769200,3
3772800,3
3776400,3
3780000,3
3783600,3
3787200,4
3790800,4
3794400,4
3798000,3
3801600,3
3805200,3
3808800,3
3812400,3
3816000,2
3819600,2
3823200,2
3826800,2
3830400,4
3834000,4
3837600,4
3841200,5
3844800,5
3848400,5
3852000,4
3855600,3
3859200,3
3862800,3
3866400,3
3870000,3
3873600,4
3877200,4
3880800,4
3884400,3
3888000,3
3891600,3
3895200,3
3898800,3
3902400,2
3906000,2
3909600,2
3913200,2
3916800,4
3920400,4
3924000,4
3927600,5
3931200,5
3934800,5
3938400,4
3942000,3
3945600,3
3949200,3
3952800,3
3956400,3
3960000,4
3963600,4
3967200,4
3970800,3
3974400,3
3978000,3
3981600,3
3985200,3
3988800,2
3992400,2
3996000,2
3999600,2
4003200,4
4006800,4
4010400,4
4014000,5
4017600,5
4021200,5
4024800,4
4028400,3
4032000,3
4035600,3
4039200,3
4042800,3
4046400,4
4050000,4
4053600,4
4057200,3
4060800,3
4064400,3
4068000,3
4071600,3
4075200,2
4078800,2
4082400,2
4086000,2
4089600,4
4093200,4
4096800,4
4100400,5
4104000,5
4107600,5
4111200,4
4114800,3
4118400,3
4122000,3
4125600,3
4129200,3
4132800,4
4136400,4
4140000,4
4143600,3
4147200,3
4150800,3
4154400,3
4158000,3
4161600,2
4165200,2
4168800,2
4172400,2
4176000,4
4179600,4
4183200,4
4186800,5
4190400,5
4194000,5
4197600,4
4201200,3
4204800,3
4208400,3
4212000,3
4215600,3
4219200,4
4222800,4
4226400,4
4230000,3
4233600,3
4237200,3
4240800,3
4244400,3
4248000,2
4251600,2
4255200,2
4258800,2
4262400,4
4266000,4
4269600,4
4273200,5
4276800,5
4280400,5
4284000,4
4287600,3
4291200,3
4294800,3
4298400,3
4302000,3
4305600,4
4309200,4
4312800,4
4316400,3
4320000,3
4323600,3
4327200,3
4330800,3
4334400,2
4338000,2
4341600,2
4345200,2
4348800,4
4352400,4
4356000,4
4359600,5
4363200,5
4366800,5
4370400,4
4374000,3
4377600,3
4381200,3
4384800,3
4388400,3
4392000,4
4395600,4
4399200,4
4402800,3
4406400,3
4410000,3
4413600,3
4417200,3
4420800,2
4424400,2
4428000,2
4431600,2
4435200,4
4438800,4
4442400,4
4446000,5
4449600,5
4453200,5
4456800,4
4460400,3
4464000,3
4467600,3
4471200,3
4474800,3
4478400,4
4482000,4
4485600,4
4489200,3
4492800,3
4496400,3
4500000,3
4503600,3
4507200,2
4510800,2
4514400,2
4518000,2
4521600,4
4525200,4
4528800,4
4532400,5
4536000,5
4539600,5
4543200,4
4546800,3
4550400,3
4554000,3
4557600,3
4561200,3
4564800,4
4568400,4
4572000,4
4575600,3
4579200,3
4582800,3
4586400,3
4590000,3
4593600,2
4597200,2
4600800,2
4604400,2
4608000,4
4611600,4
4615200,4
4618800,5
4622400,5
4626000,5
4629600,4
4633200,3
4636800,3
4640400,3
4644000,3
4647600,3
4651200,4
4654800,4
4658400,4
4662000,3
4665600,3
4669200,3
4672800,3
4676400,3
4680000,2
4683600,2
4687200,2
4690800,2
4694400,4
4698000,4
4701600,4
4705200,5
4708800,5
4712400,5
4716000,4
4719600,3
4723200,3
4726800,3
4730400,3
4734000,3
4737600,4
4741200,4
4744800,4
4748400,3
4752000,3
4755600,3
4759200,3
4762800,3
4766400,2
4770000,2
4773600,2
4777200,2
4780800,4
4784400,4
4788000,4
4791600,5
4795200,5
4798800,5
4802400,4
4806000,3
4809600,3
4813200,3
4816800,3
4820400,3
4824000,4
4827600,4
4831200,4
4834800,3
4838400,3
4842000,3
4845600,3
4849200,3
4852800,2
4856400,2
4860000,2
4863600,2
4867200,4
4870800,4
4874400,4
4878000,5
4881600,5
4885200,5
4888800,4
4892400,3
4896000,3
4899600,3
4903200,3
4906800,3
4910400,4
4914000,4
4917600,4
4921200,3
4924800,3
4928400,3
4932000,3
4935600,3
4939200,2
4942800,2
4946400,2
4950000,2
4953600,4
4957200,4
4960800,4
4964400,5
4968000,5
4971600,5
4975200,4
4978800,3
4982400,3
4986000,3
4989600,3
4993200,3
4996800,4
5000400,4
5004000,4
5007600,3
5011200,3
5014800,3
5018400,3
5022000,3
5025600,2
5029200,2
5032800,2
5036400,2
5040000,4
5043600,4
5047200,4
5050800,5
5054400,5
5058000,5
5061600,4
5065200,3
5068800,3
5072400,3
5076000,3
5079600,3
5083200,4
5086800,4
5090400,4
5094000,3
5097600,3
5101200,3
5104800,3
5108400,3
5112000,2
5115600,2
5119200,2
5122800,2
5126400,4
5130000,4
5133600,4
5137200,5
5140800,5
5144400,5
5148000,4
5151600,3
5155200,3
5158800,3
5162400,3
5166000,3
5169600,4
5173200,4
5176800,4
5180400,3
5184000,3
5187600,3
5191200,3
5194800,3
5198400,2
5202000,2
5205600,2
5209200,2
5212800,4
5216400,4
5220000,4
5223600,5
5227200,5
5230800,5
5234400,4
5238000,3
5241600,3
5245200,3
5248800,3
5252400,3
5256000,4
5259600,4
5263200,4
5266800,3
5270400,3
5274000,3
5277600,3
5281200,3
5284800,2
5288400,2
5292000,2
5295600,2
5299200,4
5302800,4
5306400,4
5310000,5
5313600,5
5317200,5
5320800,4
5324400,3
5328000,3
5331600,3
5335200,3
5338800,3
5342400,4
5346000,4
5349600,4
5353200,3
5356800,3
5360400,3
5364000,3
5367600,3
5371200,2
5374800,2
5378400,2
5382000,2
5385600,4
5389200,4
5392800,4
5396400,5
5400000,5
5403600,5
5407200,4
5410800,3
5414400,3
5418000,3
5421600,3
5425200,3
5428800,4
5432400,4
5436000,4
5439600,3
5443200,3
5446800,3
5450400,3
5454000,3
5457600,2
5461200,2
5464800,2
5468400,2
5472000,4
5475600,4
5479200,4
5482800,5
5486400,5
5490000,5
5493600,4
5497200,3
5500800,3
5504400,3
5508000,3
5511600,3
5515200,4
5518800,4
5522400,4
5526000,3
5529600,3
5533200,3
5536800,3
5540400,3
5544000,2
5547600,2
5551200,2
5554800,2
5558400,4
5562000,4
5565600,4
5569200,5
5572800,5
5576400,5
5580000,4
5583600,3
5587200,3
5590800,3
5594400,3
5598000,3
5601600,4
5605200,4
5608800,4
5612400,3
5616000,3
5619600,3
5623200,3
5626800,3
5630400,2
5634000,2
5637600,2
5641200,2
5644800,4
5648400,4
5652000,4
5655600,5
5659200,5
5662800,5
5666400,4
5670000,3
5673600,3
5677200,3
5680800,3
5684400,3
5688000,4
5691600,4
5695200,4
5698800,3
5702400,3
5706000,3
5709600,3
5713200,3
5716800,2
5720400,2
5724000,2
5727600,2
5731200,4
5734800,4
5738400,4
5742000,5
5745600,5
5749200,5
5752800,4
5756400,3
5760000,3
5763600,3
5767200,3
5770800,3
5774400,4
5778000,4
5781600,4
5785200,3
5788800,3
5792400,3
5796000,3
5799600,3
5803200,2
5806800,2
5810400,2
5814000,2
5817600,4
5821200,4
5824800,4
5828400,5
5832000,5
5835600,5
5839200,4
5842800,3
5846400,3
5850000,3
5853600,3
5857200,3
5860800,4
5864400,4
5868000,4
5871600,3
5875200,3
5878800,3
5882400,3
5886000,3
5889600,2
5893200,2
5896800,2
5900400,2
5904000,4
5907600,4
5911200,4
5914800,5
5918400,5
5922000,5
5925600,4
5929200,3
5932800,3
5936400,3
5940000,3
5943600,3
5947200,4
5950800,4
5954400,4
5958000,3
5961600,3
5965200,3
5968800,3
5972400,3
5976000,2
5979600,2
5983200,2
5986800,2
5990400,4
5994000,4
5997600,4
6001200,5
6004800,5
6008400,5
6012000,4
6015600,3
6019200,3
6022800,3
6026400,3
6030000,3
6033600,4
6037200,4
6040800,4
6044400,3
6048000,3
6051600,3
6055200,3
6058800,3
6062400,2
6066000,2
6069600,2
6073200,2
6076800,4
6080400,4
6084000,4
6087600,5
6091200,5
6094800,5
6098400,4
6102000,3
6105600,3
6109200,3
6112800,3
6116400,3
6120000,4
6123600,4
6127200,4
6130800,3
6134400,3
6138000,3
6141600,3
6145200,3
6148800,2
6152400,2
6156000,2
6159600,2
6163200,4
6166800,4
6170400,4
6174000,5
6177600,5
6181200,5
6184800,4
6188400,3
6192000,3
6195600,3
6199200,3
6202800,3
6206400,4
6210000,4
6213600,4
6217200,3
6220800,3
6224400,3
6228000,3
6231600,3
6235200,2
6238800,2
6242400,2
6246000,2
6249600,4
6253200,4
6256800,4
6260400,5
6264000,5
6267600,5
6271200,4
6274800,3
6278400,3
6282000,3
6285600,3
6289200,3
6292800,4
6296400,4
6300000,4
6303600,3
6307200,3
6310800,3
6314400,3
6318000,3
6321600,2
6325200,2
6328800,2
6332400,2
6336000,4
6339600,4
6343200,4
6346800,5
6350400,5
6354000,5
6357600,4
6361200,3
6364800,3
6368400,3
6372000,3
6375600,3
6379200,4
6382800,4
6386400,4
6390000,3
6393600,3
6397200,3
6400800,3
6404400,3
6408000,2
6411600,2
6415200,2
6418800,2
6422400,4
6426000,4
6429600,4
6433200,5
6436800,5
6440400,5
6444000,4
6447600,3
6451200,3
6454800,3
6458400,3
6462000,3
6465600,4
6469200,4
6472800,4
6476400,3
6480000,3
6483600,3
6487200,3
6490800,3
6494400,2
6498000,2
6501600,2
6505200,2
6508800,4
6512400,4
6516000,4
6519600,5
6523200,5
6526800,5
6530400,4
6534000,3
6537600,3
6541200,3
6544800,3
6548400,3
6552000,4
6555600,4
6559200,4
6562800,3
6566400,3
6570000,3
6573600,3
6577200,3
6580800,2
6584400,2
6588000,2
6591600,2
6595200,4
6598800,4
6602400,4
6606000,5
6609600,5
6613200,5
6616800,4
6620400,3
6624000,3
6627600,3
6631200,3
6634800,3
6638400,4
6642000,4
6645600,4
6649200,3
6652800,3
6656400,3
6660000,3
6663600,3
6667200,2
6670800,2
6674400,2
6678000,2
6681600,4
6685200,4
6688800,4
6692400,5
6696000,5
6699600,5
6703200,4
6706800,3
6710400,3
6714000,3
6717600,3
6721200,3
6724800,4
6728400,4
6732000,4
6735600,3
6739200,3
6742800,3
6746400,3
6750000,3
6753600,2
6757200,2
6760800,2
6764400,2
6768000,4
6771600,4
6775200,4
6778800,5
6782400,5
6786000,5
6789600,4
6793200,3
6796800,3
6800400,3
6804000,3
6807600,3
6811200,4
6814800,4
6818400,4
6822000,3
6825600,3
6829200,3
6832800,3
6836400,3
6840000,2
6843600,2
6847200,2
6850800,2
6854400,4
6858000,4
6861600,4
6865200,5
6868800,5
6872400,5
6876000,4
6879600,3
6883200,3
6886800,3
6890400,3
6894000,3
6897600,4
6901200,4
6904800,4
6908400,3
6912000,3
6915600,3
6919200,3
6922800,3
6926400,2
6930000,2
6933600,2
6937200,2
6940800,4
6944400,4
6948000,4
6951600,5
6955200,5
6958800,5
6962400,4
6966000,3
6969600,3
6973200,3
6976800,3
6980400,3
6984000,4
6987600,4
6991200,4
6994800,3
6998400,3
7002000,3
7005600,3
7009200,3
7012800,2
7016400,2
7020000,2
7023600,2
7027200,4
7030800,4
7034400,4
7038000,5
7041600,5
7045200,5
7048800,4
7052400,3
7056000,3
7059600,3
7063200,3
7066800,3
7070400,4
7074000,4
7077600,4
7081200,3
7084800,3
7088400,3
7092000,3
7095600,3
7099200,2
7102800,2
7106400,2
7110000,2
7113600,4
7117200,4
7120800,4
7124400,5
7128000,5
7131600,5
7135200,4
7138800,3
7142400,3
7146000,3
7149600,3
7153200,3
7156800,4
7160400,4
7164000,4
7167600,3
7171200,3
7174800,3
7178400,3
7182000,3
7185600,2
7189200,2
7192800,2
7196400,2
7200000,4
7203600,4
7207200,4
7210800,5
7214400,5
7218000,5
7221600,4
7225200,3
7228800,3
7232400,3
7236000,3
7239600,3
7243200,4
7246800,4
7250400,4
7254000,3
7257600,3
7261200,3
7264800,3
7268400,3
7272000,2
7275600,2
7279200,2
7282800,2
7286400,4
7290000,4
7293600,4
7297200,5
7300800,5
7304400,5
7308000,4
7311600,3
7315200,3
7318800,3
7322400,3
7326000,3
7329600,4
7333200,4
7336800,4
7340400,3
7344000,3
7347600,3
7351200,3
7354800,3
7358400,2
7362000,2
7365600,2
7369200,2
7372800,4
7376400,4
7380000,4
7383600,5
7387200,5
7390800,5
7394400,4
7398000,3
7401600,3
7405200,3
7408800,3
7412400,3
7416000,4
7419600,4
7423200,4
7426800,3
7430400,3
7434000,3
7437600,3
7441200,3
7444800,2
7448400,2
7452000,2
7455600,2
7459200,4
7462800,4
7466400,4
7470000,5
7473600,5
7477200,5
7480800,4
7484400,3
7488000,3
7491600,3
7495200,3
7498800,3
7502400,4
7506000,4
7509600,4
7513200,3
7516800,3
7520400,3
7524000,3
7527600,3
7531200,2
7534800,2
7538400,2
7542000,2
7545600,4
7549200,4
7552800,4
7556400,5
7560000,5
7563600,5
7567200,4
7570800,3
7574400,3
7578000,3
7581600,3
7585200,3
7588800,4
7592400,4
7596000,4
7599600,3
7603200,3
7606800,3
7610400,3
7614000,3
7617600,2
7621200,2
7624800,2
7628400,2
7632000,4
7635600,4
7639200,4
7642800,5
7646400,5
7650000,5
7653600,4
7657200,3
7660800,3
7664400,3
7668000,3
7671600,3
7675200,4
7678800,4
7682400,4
7686000,3
7689600,3
7693200,3
7696800,3
7700400,3
7704000,2
7707600,2
7711200,2
7714800,2
7718400,4
7722000,4
7725600,4
7729200,5
7732800,5
7736400,5
7740000,4
7743600,3
7747200,3
7750800,3
7754400,3
7758000,3
7761600,4
7765200,4
7768800,4
7772400,3
7776000,3
7779600,3
7783200,3
7786800,3
7790400,2
7794000,2
7797600,2
7801200,2
7804800,4
7808400,4
7812000,4
7815600,5
7819200,5
7822800,5
7826400,4
7830000,3
7833600,3
7837200,3
7840800,3
7844400,3
7848000,4
7851600,4
7855200,4
7858800,3
7862400,3
7866000,3
7869600,3
7873200,3
7876800,2
7880400,2
7884000,2
7887600,2
7891200,4
7894800,4
7898400,4
7902000,5
7905600,5
7909200,5
7912800,4
7916400,3
7920000,3
7923600,3
7927200,3
7930800,3
7934400,4
7938000,4
7941600,4
7945200,3
7948800,3
7952400,3
7956000,3
7959600,3
7963200,2
7966800,2
7970400,2
7974000,2
7977600,4
7981200,4
7984800,4
7988400,5
7992000,5
7995600,5
7999200,4
8002800,3
8006400,3
8010000,3
8013600,3
8017200,3
8020800,4
8024400,4
8028000,4
8031600,3
8035200,3
8038800,3
8042400,3
8046000,3
8049600,2
8053200,2
8056800,2
8060400,2
8064000,4
8067600,4
8071200,4
8074800,5
8078400,5
8082000,5
8085600,4
8089200,3
8092800,3
8096400,3
8100000,3
8103600,3
8107200,4
8110800,4
8114400,4
8118000,3
8121600,3
8125200,3
8128800,3
8132400,3
8136000,2
8139600,2
8143200,2
8146800,2
8150400,4
8154000,4
8157600,4
8161200,5
8164800,5
8168400,5
8172000,4
8175600,3
8179200,3
8182800,3
8186400,3
8190000,3
8193600,4
8197200,4
8200800,4
8204400,3
8208000,3
8211600,3
8215200,3
8218800,3
8222400,2
8226000,2
8229600,2
8233200,2
8236800,4
8240400,4
8244000,4
8247600,5
8251200,5
8254800,5
8258400,4
8262000,3
8265600,3
8269200,3
8272800,3
8276400,3
8280000,4
8283600,4
8287200,4
8290800,3
8294400,3
8298000,3
8301600,3
8305200,3
8308800,2
8312400,2
8316000,2
8319600,2
8323200,4
8326800,4
8330400,4
8334000,5
8337600,5
8341200,5
8344800,4
8348400,3
8352000,3
8355600,3
8359200,3
8362800,3
8366400,4
8370000,4
8373600,4
8377200,3
8380800,3
8384400,3
8388000,3
8391600,3
8395200,2
8398800,2
8402400,2
8406000,2
8409600,4
8413200,4
8416800,4
8420400,5
8424000,5
8427600,5
8431200,4
8434800,3
8438400,3
8442000,3
8445600,3
8449200,3
8452800,4
8456400,4
8460000,4
8463600,3
8467200,3
8470800,3
8474400,3
8478000,3
8481600,2
8485200,2
8488800,2
8492400,2
8496000,4
8499600,4
8503200,4
8506800,5
8510400,5
8514000,5
8517600,4
8521200,3
8524800,3
8528400,3
8532000,3
8535600,3
8539200,4
8542800,4
8546400,4
8550000,3
8553600,3
8557200,3
8560800,3
8564400,3
8568000,2
8571600,2
8575200,2
8578800,2
8582400,4
8586000,4
8589600,4
8593200,5
8596800,5
8600400,5
8604000,4
8607600,3
8611200,3
8614800,3
8618400,3
8622000,3
8625600,4
8629200,4
8632800,4
8636400,3
8640000,3
8643600,3
8647200,3
8650800,3
8654400,2
8658000,2
8661600,2
8665200,2
8668800,4
8672400,4
8676000,4
8679600,5
8683200,5
8686800,5
8690400,4
8694000,3
8697600,3
8701200,3
8704800,3
8708400,3
8712000,4
8715600,4
8719200,4
8722800,3
8726400,3
8730000,3
8733600,3
8737200,3
8740800,2
8744400,2
8748000,2
8751600,2
8755200,4
8758800,4
8762400,4
8766000,5
8769600,5
8773200,5
8776800,4
8780400,3
8784000,3
8787600,3
8791200,3
8794800,3
8798400,4
8802000,4
8805600,4
8809200,3
8812800,3
8816400,3
8820000,3
8823600,3
8827200,2
8830800,2
8834400,2
8838000,2
8841600,4
8845200,4
8848800,4
8852400,5
8856000,5
8859600,5
8863200,4
8866800,3
8870400,3
8874000,3
8877600,3
8881200,3
8884800,4
8888400,4
8892000,4
8895600,3
8899200,3
8902800,3
8906400,3
8910000,3
8913600,2
8917200,2
8920800,2
8924400,2
8928000,4
8931600,4
8935200,4
8938800,5
8942400,5
8946000,5
8949600,4
8953200,3
8956800,3
8960400,3
8964000,3
8967600,3
8971200,4
8974800,4
8978400,4
8982000,3
8985600,3
8989200,3
8992800,3
8996400,3
9000000,2
9003600,2
9007200,2
9010800,2
9014400,4
9018000,4
9021600,4
9025200,5
9028800,5
9032400,5
9036000,4
9039600,3
9043200,3
9046800,3
9050400,3
9054000,3
9057600,4
9061200,4
9064800,4
9068400,3
9072000,3
9075600,3
9079200,3
9082800,3
9086400,2
9090000,2
9093600,2
9097200,2
9100800,4
9104400,4
9108000,4
9111600,5
9115200,5
9118800,5
9122400,4
9126000,3
9129600,3
9133200,3
9136800,3
9140400,3
9144000,4
9147600,4
9151200,4
9154800,3
9158400,3
9162000,3
9165600,3
9169200,3
9172800,2
9176400,2
9180000,2
9183600,2
9187200,4
9190800,4
9194400,4
9198000,5
9201600,5
9205200,5
9208800,4
9212400,3
9216000,3
9219600,3
9223200,3
9226800,3
9230400,4
9234000,4
9237600,4
9241200,3
9244800,3
9248400,3
9252000,3
9255600,3
9259200,2
9262800,2
9266400,2
9270000,2
9273600,4
9277200,4
9280800,4
9284400,5
9288000,5
9291600,5
9295200,4
9298800,3
9302400,3
9306000,3
9309600,3
9313200,3
9316800,4
9320400,4
9324000,4
9327600,3
9331200,3
9334800,3
9338400,3
9342000,3
9345600,2
9349200,2
9352800,2
9356400,2
9360000,4
9363600,4
9367200,4
9370800,5
9374400,5
9378000,5
9381600,4
9385200,3
9388800,3
9392400,3
9396000,3
9399600,3
9403200,4
9406800,4
9410400,4
9414000,3
9417600,3
9421200,3
9424800,3
9428400,3
9432000,2
9435600,2
9439200,2
9442800,2
9446400,4
9450000,4
9453600,4
9457200,5
9460800,5
9464400,5
9468000,4
9471600,3
9475200,3
9478800,3
9482400,3
9486000,3
9489600,4
9493200,4
9496800,4
9500400,3
9504000,3
9507600,3
9511200,3
9514800,3
9518400,2
9522000,2
9525600,2
9529200,2
9532800,4
9536400,4
9540000,4
9543600,5
9547200,5
9550800,5
9554400,4
9558000,3
9561600,3
9565200,3
9568800,3
9572400,3
9576000,4
9579600,4
9583200,4
9586800,3
9590400,3
9594000,3
9597600,3
9601200,3
9604800,2
9608400,2
9612000,2
9615600,2
9619200,4
9622800,4
9626400,4
9630000,5
9633600,5
9637200,5
9640800,4
9644400,3
9648000,3
9651600,3
9655200,3
9658800,3
9662400,4
9666000,4
9669600,4
9673200,3
9676800,3
9680400,3
9684000,3
9687600,3
9691200,2
9694800,2
9698400,2
9702000,2
9705600,4
9709200,4
9712800,4
9716400,5
9720000,5
9723600,5
9727200,4
9730800,3
9734400,3
9738000,3
9741600,3
9745200,3
9748800,4
9752400,4
9756000,4
9759600,3
9763200,3
9766800,3
9770400,3
9774000,3
9777600,2
9781200,2
9784800,2
9788400,2
9792000,4
9795600,4
9799200,4
9802800,5
9806400,5
9810000,5
9813600,4
9817200,3
9820800,3
9824400,3
9828000,3
9831600,3
9835200,4
9838800,4
9842400,4
9846000,3
9849600,3
9853200,3
9856800,3
9860400,3
9864000,2
9867600,2
9871200,2
9874800,2
9878400,4
9882000,4
9885600,4
9889200,5
9892800,5
9896400,5
9900000,4
9903600,3
9907200,3
9910800,3
9914400,3
9918000,3
9921600,4
9925200,4
9928800,4
9932400,3
9936000,3
9939600,3
9943200,3
9946800,3
9950400,2
9954000,2
9957600,2
9961200,2
9964800,4
9968400,4
9972000,4
9975600,5
9979200,5
9982800,5
9986400,4
9990000,3
9993600,3
9997200,3
10000800,3
10004400,3
10008000,4
10011600,4
10015200,4
10018800,3
10022400,3
10026000,3
10029600,3
10033200,3
10036800,2
10040400,2
10044000,2
10047600,2
10051200,4
10054800,4
10058400,4
10062000,5
10065600,5
10069200,5
10072800,4
10076400,3
10080000,3
10083600,3
10087200,3
10090800,3
10094400,4
10098000,4
10101600,4
10105200,3
10108800,3
10112400,3
10116000,3
10119600,3
10123200,2
10126800,2
10130400,2
10134000,2
10137600,4
10141200,4
10144800,4
10148400,5
10152000,5
10155600,5
10159200,4
10162800,3
10166400,3
10170000,3
10173600,3
10177200,3
10180800,4
10184400,4
10188000,4
10191600,3
10195200,3
10198800,3
10202400,3
10206000,3
10209600,2
10213200,2
10216800,2
10220400,2
10224000,4
10227600,4
10231200,4
10234800,5
10238400,5
10242000,5
10245600,4
10249200,3
10252800,3
10256400,3
10260000,3
10263600,3
10267200,4
10270800,4
10274400,4
10278000,3
10281600,3
10285200,3
10288800,3
10292400,3
10296000,2
10299600,2
10303200,2
10306800,2
10310400,4
10314000,4
10317600,4
10321200,5
10324800,5
10328400,5
10332000,4
10335600,3
10339200,3
10342800,3
10346400,3
10350000,3
10353600,4
10357200,4
10360800,4
10364400,3
10368000,3
10371600,3
10375200,3
10378800,3
10382400,2
10386000,2
10389600,2
10393200,2
10396800,4
10400400,4
10404000,4
10407600,5
10411200,5
10414800,5
10418400,4
10422000,3
10425600,3
10429200,3
10432800,3
10436400,3
10440000,4
10443600,4
10447200,4
10450800,3
10454400,3
10458000,3
10461600,3
10465200,3
10468800,2
10472400,2
10476000,2
10479600,2
10483200,4
10486800,4
10490400,4
10494000,5
10497600,5
10501200,5
10504800,4
10508400,3
10512000,3
10515600,3
10519200,3
10522800,3
10526400,4
10530000,4
10533600,4
10537200,3
10540800,3
10544400,3
10548000,3
10551600,3
10555200,2
10558800,2
10562400,2
10566000,2
10569600,4
10573200,4
10576800,4
10580400,5
10584000,5
10587600,5
10591200,4
10594800,3
10598400,3
10602000,3
10605600,3
10609200,3
10612800,4
10616400,4
10620000,4
10623600,3
10627200,3
10630800,3
10634400,3
10638000,3
10641600,2
10645200,2
10648800,2
10652400,2
10656000,4
10659600,4
10663200,4
10666800,5
10670400,5
10674000,5
10677600,4
10681200,3
10684800,3
10688400,3
10692000,3
10695600,3
10699200,4
10702800,4
10706400,4
10710000,3
10713600,3
10717200,3
10720800,3
10724400,3
10728000,2
10731600,2
10735200,2
10738800,2
10742400,4
10746000,4
10749600,4
10753200,5
10756800,5
10760400,5
10764000,4
10767600,3
10771200,3
10774800,3
10778400,3
10782000,3
10785600,4
10789200,4
10792800,4
10796400,3
10800000,3
10803600,3
10807200,3
10810800,3
10814400,2
10818000,2
10821600,2
10825200,2
10828800,4
10832400,4
10836000,4
10839600,5
10843200,5
10846800,5
10850400,4
10854000,3
10857600,3
10861200,3
10864800,3
10868400,3
10872000,4
10875600,4
10879200,4
10882800,3
10886400,3
10890000,3
10893600,3
10897200,3
10900800,2
10904400,2
10908000,2
10911600,2
10915200,4
10918800,4
10922400,4
10926000,5
10929600,5
10933200,5
10936800,4
10940400,3
10944000,3
10947600,3
10951200,3
10954800,3
10958400,4
10962000,4
10965600,4
10969200,3
10972800,3
10976400,3
10980000,3
10983600,3
10987200,2
10990800,2
10994400,2
10998000,2
11001600,4
11005200,4
11008800,4
11012400,5
11016000,5
11019600,5
11023200,4
11026800,3
11030400,3
11034000,3
11037600,3
11041200,3
11044800,4
11048400,4
11052000,4
11055600,3
11059200,3
11062800,3
11066400,3
11070000,3
11073600,2
11077200,2
11080800,2
11084400,2
11088000,4
11091600,4
11095200,4
11098800,5
11102400,5
11106000,5
11109600,4
11113200,3
11116800,3
11120400,3
11124000,3
11127600,3
11131200,4
11134800,4
11138400,4
11142000,3
11145600,3
11149200,3
11152800,3
11156400,3
11160000,2
11163600,2
11167200,2
11170800,2
11174400,4
11178000,4
11181600,4
11185200,5
11188800,5
11192400,5
11196000,4
11199600,3
11203200,3
11206800,3
11210400,3
11214000,3
11217600,4
11221200,4
11224800,4
11228400,3
11232000,3
11235600,3
11239200,3
11242800,3
11246400,2
11250000,2
11253600,2
11257200,2
11260800,4
11264400,4
11268000,4
11271600,5
11275200,5
11278800,5
11282400,4
11286000,3
11289600,3
11293200,3
11296800,3
11300400,3
11304000,4
11307600,4
11311200,4
11314800,3
11318400,3
11322000,3
11325600,3
11329200,3
11332800,2
11336400,2
11340000,2
11343600,2
11347200,4
11350800,4
11354400,4
11358000,5
11361600,5
11365200,5
11368800,4
11372400,3
11376000,3
11379600,3
11383200,3
11386800,3
11390400,4
11394000,4
11397600,4
11401200,3
11404800,3
11408400,3
11412000,3
11415600,3
11419200,2
11422800,2
11426400,2
11430000,2
11433600,4
11437200,4
11440800,4
11444400,5
11448000,5
11451600,5
11455200,4
11458800,3
11462400,3
11466000,3
11469600,3
11473200,3
11476800,4
11480400,4
11484000,4
11487600,3
11491200,3
11494800,3
11498400,3
11502000,3
11505600,2
11509200,2
11512800,2
11516400,2
11520000,4
11523600,4
11527200,4
11530800,5
11534400,5
11538000,5
11541600,4
11545200,3
11548800,3
11552400,3
11556000,3
11559600,3
11563200,4
11566800,4
11570400,4
11574000,3
11577600,3
11581200,3
11584800,3
11588400,3
11592000,2
11595600,2
11599200,2
11602800,2
11606400,4
11610000,4
11613600,4
11617200,5
11620800,5
11624400,5
11628000,4
11631600,3
11635200,3
11638800,3
11642400,3
11646000,3
11649600,4
11653200,4
11656800,4
11660400,3
11664000,3
11667600,3
11671200,3
11674800,3
11678400,2
11682000,2
11685600,2
11689200,2
11692800,4
11696400,4
11700000,4
11703600,5
11707200,5
11710800,5
11714400,4
11718000,3
11721600,3
11725200,3
11728800,3
11732400,3
11736000,4
11739600,4
11743200,4
11746800,3
11750400,3
11754000,3
11757600,3
11761200,3
11764800,2
11768400,2
11772000,2
11775600,2
11779200,4
11782800,4
11786400,4
11790000,5
11793600,5
11797200,5
11800800,4
11804400,3
11808000,3
11811600,3
11815200,3
11818800,3
11822400,4
11826000,4
11829600,4
11833200,3
11836800,3
11840400,3
11844000,3
11847600,3
11851200,2
11854800,2
11858400,2
11862000,2
11865600,4
11869200,4
11872800,4
11876400,5
11880000,5
11883600,5
11887200,4
11890800,3
11894400,3
11898000,3
11901600,3
11905200,3
11908800,4
11912400,4
11916000,4
11919600,3
11923200,3
11926800,3
11930400,3
11934000,3
11937600,2
11941200,2
11944800,2
11948400,2
11952000,4
11955600,4
11959200,4
11962800,5
11966400,5
11970000,5
11973600,4
11977200,3
11980800,3
11984400,3
11988000,3
11991600,3
11995200,4
11998800,4
12002400,4
12006000,3
12009600,3
12013200,3
12016800,3
12020400,3
12024000,2
12027600,2
12031200,2
12034800,2
12038400,4
12042000,4
12045600,4
12049200,5
12052800,5
12056400,5
12060000,4
12063600,3
12067200,3
12070800,3
12074400,3
12078000,3
12081600,4
12085200,4
12088800,4
12092400,3
12096000,3
12099600,3
12103200,3
12106800,3
12110400,2
12114000,2
12117600,2
12121200,2
12124800,4
12128400,4
12132000,4
12135600,5
12139200,5
12142800,5
12146400,4
12150000,3
12153600,3
12157200,3
12160800,3
12164400,3
12168000,4
12171600,4
12175200,4
12178800,3
12182400,3
12186000,3
12189600,3
12193200,3
12196800,2
12200400,2
12204000,2
12207600,2
12211200,4
12214800,4
12218400,4
12222000,5
12225600,5
12229200,5
12232800,4
12236400,3
12240000,3
12243600,3
12247200,3
12250800,3
12254400,4
12258000,4
12261600,4
12265200,3
12268800,3
12272400,3
12276000,3
12279600,3
12283200,2
12286800,2
12290400,2
12294000,2
12297600,4
12301200,4
12304800,4
12308400,5
12312000,5
12315600,5
12319200,4
12322800,3
12326400,3
12330000,3
12333600,3
12337200,3
12340800,4
12344400,4
12348000,4
12351600,3
12355200,3
12358800,3
12362400,3
12366000,3
12369600,2
12373200,2
12376800,2
12380400,2
12384000,4
12387600,4
12391200,4
12394800,5
12398400,5
12402000,5
12405600,4
12409200,3
12412800,3
12416400,3
12420000,3
12423600,3
12427200,4
12430800,4
12434400,4
12438000,3
12441600,3
12445200,3
12448800,3
12452400,3
12456000,2
12459600,2
12463200,2
12466800,2
12470400,4
12474000,4
12477600,4
12481200,5
12484800,5
12488400,5
12492000,4
12495600,3
12499200,3
12502800,3
12506400,3
12510000,3
12513600,4
12517200,4
12520800,4
12524400,3
12528000,3
12531600,3
12535200,3
12538800,3
12542400,2
12546000,2
12549600,2
12553200,2
12556800,4
12560400,4
12564000,4
12567600,5
12571200,5
12574800,5
12578400,4
12582000,3
12585600,3
12589200,3
12592800,3
12596400,3
12600000,4
12603600,4
12607200,4
12610800,3
12614400,3
12618000,3
12621600,3
12625200,3
12628800,2
12632400,2
12636000,2
12639600,2
12643200,4
12646800,4
12650400,4
12654000,5
12657600,5
12661200,5
12664800,4
12668400,3
12672000,3
12675600,3
12679200,3
12682800,3
12686400,4
12690000,4
12693600,4
12697200,3
12700800,3
12704400,3
12708000,3
12711600,3
12715200,2
12718800,2
12722400,2
12726000,2
12729600,4
12733200,4
12736800,4
12740400,5
12744000,5
12747600,5
12751200,4
12754800,3
12758400,3
12762000,3
12765600,3
12769200,3
12772800,4
12776400,4
12780000,4
12783600,3
12787200,3
12790800,3
12794400,3
12798000,3
12801600,2
12805200,2
12808800,2
12812400,2
12816000,4
12819600,4
12823200,4
12826800,5
12830400,5
12834000,5
12837600,4
12841200,3
12844800,3
12848400,3
12852000,3
12855600,3
12859200,4
12862800,4
12866400,4
12870000,3
12873600,3
12877200,3
12880800,3
12884400,3
12888000,2
12891600,2
12895200,2
12898800,2
12902400,4
12906000,4
12909600,4
12913200,5
12916800,5
12920400,5
12924000,4
12927600,3
12931200,3
12934800,3
12938400,3
12942000,3
12945600,4
12949200,4
12952800,4
12956400,3
12960000,3
12963600,3
12967200,3
12970800,3
12974400,2
12978000,2
12981600,2
12985200,2
12988800,4
12992400,4
12996000,4
12999600,5
13003200,5
13006800,5
13010400,4
13014000,3
13017600,3
13021200,3
13024800,3
13028400,3
13032000,4
13035600,4
13039200,4
13042800,3
13046400,3
13050000,3
13053600,3
13057200,3
13060800,2
13064400,2
13068000,2
13071600,2
13075200,4
13078800,4
13082400,4
13086000,5
13089600,5
13093200,5
13096800,4
13100400,3
13104000,3
13107600,3
13111200,3
13114800,3
13118400,4
13122000,4
13125600,4
13129200,3
13132800,3
13136400,3
13140000,3
13143600,3
13147200,2
13150800,2
13154400,2
13158000,2
13161600,4
13165200,4
13168800,4
13172400,5
13176000,5
13179600,5
13183200,4
13186800,3
13190400,3
13194000,3
13197600,3
13201200,3
13204800,4
13208400,4
13212000,4
13215600,3
13219200,3
13222800,3
13226400,3
13230000,3
13233600,2
13237200,2
13240800,2
13244400,2
13248000,4
13251600,4
13255200,4
13258800,5
13262400,5
13266000,5
13269600,4
13273200,3
13276800,3
13280400,3
13284000,3
13287600,3
13291200,4
13294800,4
13298400,4
13302000,3
13305600,3
13309200,3
13312800,3
13316400,3
13320000,2
13323600,2
13327200,2
13330800,2
13334400,4
13338000,4
13341600,4
13345200,5
13348800,5
13352400,5
13356000,4
13359600,3
13363200,3
13366800,3
13370400,3
13374000,3
13377600,4
13381200,4
13384800,4
13388400,3
13392000,3
13395600,3
13399200,3
13402800,3
13406400,2
13410000,2
13413600,2
13417200,2
13420800,4
13424400,4
13428000,4
13431600,5
13435200,5
13438800,5
13442400,4
13446000,3
13449600,3
13453200,3
13456800,3
13460400,3
13464000,4
13467600,4
13471200,4
13474800,3
13478400,3
13482000,3
13485600,3
13489200,3
13492800,2
13496400,2
13500000,2
13503600,2
13507200,4
13510800,4
13514400,4
13518000,5
13521600,5
13525200,5
13528800,4
13532400,3
13536000,3
13539600,3
13543200,3
13546800,3
13550400,4
13554000,4
13557600,4
13561200,3
13564800,3
13568400,3
13572000,3
13575600,3
13579200,2
13582800,2
13586400,2
13590000,2
13593600,4
13597200,4
13600800,4
13604400,5
13608000,5
13611600,5
13615200,4
13618800,3
13622400,3
13626000,3
13629600,3
13633200,3
13636800,4
13640400,4
13644000,4
13647600,3
13651200,3
13654800,3
13658400,3
13662000,3
13665600,2
13669200,2
13672800,2
13676400,2
13680000,4
13683600,4
13687200,4
13690800,5
13694400,5
13698000,5
13701600,4
13705200,3
13708800,3
13712400,3
13716000,3
13719600,3
13723200,4
13726800,4
13730400,4
13734000,3
13737600,3
13741200,3
13744800,3
13748400,3
13752000,2
13755600,2
13759200,2
13762800,2
13766400,4
13770000,4
13773600,4
13777200,5
13780800,5
13784400,5
13788000,4
13791600,3
13795200,3
13798800,3
13802400,3
13806000,3
13809600,4
13813200,4
13816800,4
13820400,3
13824000,3
13827600,3
13831200,3
13834800,3
13838400,2
13842000,2
13845600,2
13849200,2
13852800,4
13856400,4
13860000,4
13863600,5
13867200,5
13870800,5
13874400,4
13878000,3
13881600,3
13885200,3
13888800,3
13892400,3
13896000,4
13899600,4
13903200,4
13906800,3
13910400,3
13914000,3
13917600,3
13921200,3
13924800,2
13928400,2
13932000,2
13935600,2
13939200,4
13942800,4
13946400,4
13950000,5
13953600,5
13957200,5
13960800,4
13964400,3
13968000,3
13971600,3
13975200,3
13978800,3
13982400,4
13986000,4
13989600,4
13993200,3
13996800,3
14000400,3
14004000,3
14007600,3
14011200,2
14014800,2
14018400,2
14022000,2
14025600,4
14029200,4
14032800,4
14036400,5
14040000,5
14043600,5
14047200,4
14050800,3
14054400,3
14058000,3
14061600,3
14065200,3
14068800,4
14072400,4
14076000,4
14079600,3
14083200,3
14086800,3
14090400,3
14094000,3
14097600,2
14101200,2
14104800,2
14108400,2
14112000,4
14115600,4
14119200,4
14122800,5
14126400,5
14130000,5
14133600,4
14137200,3
14140800,3
14144400,3
14148000,3
14151600,3
14155200,4
14158800,4
14162400,4
14166000,3
14169600,3
14173200,3
14176800,3
14180400,3
14184000,2
14187600,2
14191200,2
14194800,2
14198400,4
14202000,4
14205600,4
14209200,5
14212800,5
14216400,5
14220000,4
14223600,3
14227200,3
14230800,3
14234400,3
14238000,3
14241600,4
14245200,4
14248800,4
14252400,3
14256000,3
14259600,3
14263200,3
14266800,3
14270400,2
14274000,2
14277600,2
14281200,2
14284800,4
14288400,4
14292000,4
14295600,5
14299200,5
14302800,5
14306400,4
14310000,3
14313600,3
14317200,3
14320800,3
14324400,3
14328000,4
14331600,4
14335200,4
14338800,3
14342400,3
14346000,3
14349600,3
14353200,3
14356800,2
14360400,2
14364000,2
14367600,2
14371200,4
14374800,4
14378400,4
14382000,5
14385600,5
14389200,5
14392800,4
14396400,3
14400000,3
14403600,3
14407200,3
14410800,3
14414400,4
14418000,4
14421600,4
14425200,3
14428800,3
14432400,3
14436000,3
14439600,3
14443200,2
14446800,2
14450400,2
14454000,2
14457600,4
14461200,4
14464800,4
14468400,5
14472000,5
14475600,5
14479200,4
14482800,3
14486400,3
14490000,3
14493600,3
14497200,3
14500800,4
14504400,4
14508000,4
14511600,3
14515200,3
14518800,3
14522400,3
14526000,3
14529600,2
14533200,2
14536800,2
14540400,2
14544000,4
14547600,4
14551200,4
14554800,5
14558400,5
14562000,5
14565600,4
14569200,3
14572800,3
14576400,3
14580000,3
14583600,3
14587200,4
14590800,4
14594400,4
14598000,3
14601600,3
14605200,3
14608800,3
14612400,3
14616000,2
14619600,2
14623200,2
14626800,2
14630400,4
14634000,4
14637600,4
14641200,5
14644800,5
14648400,5
14652000,4
14655600,3
14659200,3
14662800,3
14666400,3
14670000,3
14673600,4
14677200,4
14680800,4
14684400,3
14688000,3
14691600,3
14695200,3
14698800,3
14702400,2
14706000,2
14709600,2
14713200,2
14716800,4
14720400,4
14724000,4
14727600,5
14731200,5
14734800,5
14738400,4
14742000,3
14745600,3
14749200,3
14752800,3
14756400,3
14760000,4
14763600,4
14767200,4
14770800,3
14774400,3
14778000,3
14781600,3
14785200,3
14788800,2
14792400,2
14796000,2
14799600,2
14803200,4
14806800,4
14810400,4
14814000,5
14817600,5
14821200,5
14824800,4
14828400,3
14832000,3
14835600,3
14839200,3
14842800,3
14846400,4
14850000,4
14853600,4
14857200,3
14860800,3
14864400,3
14868000,3
14871600,3
14875200,2
14878800,2
14882400,2
14886000,2
14889600,4
14893200,4
14896800,4
14900400,5
14904000,5
14907600,5
14911200,4
14914800,3
14918400,3
14922000,3
14925600,3
14929200,3
14932800,4
14936400,4
14940000,4
14943600,3
14947200,3
14950800,3
14954400,3
14958000,3
14961600,2
14965200,2
14968800,2
14972400,2
14976000,4
14979600,4
14983200,4
14986800,5
14990400,5
14994000,5
14997600,4
15001200,3
15004800,3
15008400,3
15012000,3
15015600,3
15019200,4
15022800,4
15026400,4
15030000,3
15033600,3
15037200,3
15040800,3
15044400,3
15048000,2
15051600,2
15055200,2
15058800,2
15062400,4
15066000,4
15069600,4
15073200,5
15076800,5
15080400,5
15084000,4
15087600,3
15091200,3
15094800,3
15098400,3
15102000,3
15105600,4
15109200,4
15112800,4
15116400,3
15120000,3
15123600,3
15127200,3
15130800,3
15134400,2
15138000,2
15141600,2
15145200,2
15148800,4
15152400,4
15156000,4
15159600,5
15163200,5
15166800,5
15170400,4
15174000,3
15177600,3
15181200,3
15184800,3
15188400,3
15192000,4
15195600,4
15199200,4
15202800,3
15206400,3
15210000,3
15213600,3
15217200,3
15220800,2
15224400,2
15228000,2
15231600,2
15235200,4
15238800,4
15242400,4
15246000,5
15249600,5
15253200,5
15256800,4
15260400,3
15264000,3
15267600,3
15271200,3
15274800,3
15278400,4
15282000,4
15285600,4
15289200,3
15292800,3
15296400,3
15300000,3
15303600,3
15307200,2
15310800,2
15314400,2
15318000,2
15321600,4
15325200,4
15328800,4
15332400,5
15336000,5
15339600,5
15343200,4
15346800,3
15350400,3
15354000,3
15357600,3
15361200,3
15364800,4
15368400,4
15372000,4
15375600,3
15379200,3
15382800,3
15386400,3
15390000,3
15393600,2
15397200,2
15400800,2
15404400,2
15408000,4
15411600,4
15415200,4
15418800,5
15422400,5
15426000,5
15429600,4
15433200,3
15436800,3
15440400,3
15444000,3
15447600,3
15451200,4
15454800,4
15458400,4
15462000,3
15465600,3
15469200,3
15472800,3
15476400,3
15480000,2
15483600,2
15487200,2
15490800,2
15494400,4
15498000,4
15501600,4
15505200,5
15508800,5
15512400,5
15516000,4
15519600,3
15523200,3
15526800,3
15530400,3
15534000,3
15537600,4
15541200,4
15544800,4
15548400,3
15552000,3
15555600,3
15559200,3
15562800,3
15566400,2
15570000,2
15573600,2
15577200,2
15580800,4
15584400,4
15588000,4
15591600,5
15595200,5
15598800,5
15602400,4
15606000,3
15609600,3
15613200,3
15616800,3
15620400,3
15624000,4
15627600,4
15631200,4
15634800,3
15638400,3
15642000,3
15645600,3
15649200,3
15652800,2
15656400,2
15660000,2
15663600,2
15667200,4
15670800,4
15674400,4
15678000,5
15681600,5
15685200,5
15688800,4
15692400,3
15696000,3
15699600,3
15703200,3
15706800,3
15710400,4
15714000,4
15717600,4
15721200,3
15724800,3
15728400,3
15732000,3
15735600,3
15739200,2
15742800,2
15746400,2
15750000,2
15753600,4
15757200,4
15760800,4
15764400,5
15768000,5
15771600,5
15775200,4
15778800,3
15782400,3
15786000,3
15789600,3
15793200,3
15796800,4
15800400,4
15804000,4
15807600,3
15811200,3
15814800,3
15818400,3
15822000,3
15825600,2
15829200,2
15832800,2
15836400,2
15840000,4
15843600,4
15847200,4
15850800,5
15854400,5
15858000,5
15861600,4
15865200,3
15868800,3
15872400,3
15876000,3
15879600,3
15883200,4
15886800,4
15890400,4
15894000,3
15897600,3
15901200,3
15904800,3
15908400,3
15912000,2
15915600,2
15919200,2
15922800,2
15926400,4
15930000,4
15933600,4
15937200,5
15940800,5
15944400,5
15948000,4
15951600,3
15955200,3
15958800,3
15962400,3
15966000,3
15969600,4
15973200,4
15976800,4
15980400,3
15984000,3
15987600,3
15991200,3
15994800,3
15998400,2
16002000,2
16005600,2
16009200,2
16012800,4
16016400,4
16020000,4
16023600,5
16027200,5
16030800,5
16034400,4
16038000,3
16041600,3
16045200,3
16048800,3
16052400,3
16056000,4
16059600,4
16063200,4
16066800,3
16070400,3
16074000,3
16077600,3
16081200,3
16084800,2
16088400,2
16092000,2
16095600,2
16099200,4
16102800,4
16106400,4
16110000,5
16113600,5
16117200,5
16120800,4
16124400,3
16128000,3
16131600,3
16135200,3
16138800,3
16142400,4
16146000,4
16149600,4
16153200,3
16156800,3
16160400,3
16164000,3
16167600,3
16171200,2
16174800,2
16178400,2
16182000,2
16185600,4
16189200,4
16192800,4
16196400,5
16200000,5
16203600,5
16207200,4
16210800,3
16214400,3
16218000,3
16221600,3
16225200,3
16228800,4
16232400,4
16236000,4
16239600,3
16243200,3
16246800,3
16250400,3
16254000,3
16257600,2
16261200,2
16264800,2
16268400,2
16272000,4
16275600,4
16279200,4
16282800,5
16286400,5
16290000,5
16293600,4
16297200,3
16300800,3
16304400,3
16308000,3
16311600,3
16315200,4
16318800,4
16322400,4
16326000,3
16329600,3
16333200,3
16336800,3
16340400,3
16344000,2
16347600,2
16351200,2
16354800,2
16358400,4
16362000,4
16365600,4
16369200,5
16372800,5
16376400,5
16380000,4
16383600,3
16387200,3
16390800,3
16394400,3
16398000,3
16401600,4
16405200,4
16408800,4
16412400,3
16416000,3
16419600,3
16423200,3
16426800,3
16430400,2
16434000,2
16437600,2
16441200,2
16444800,4
16448400,4
16452000,4
16455600,5
16459200,5
16462800,5
16466400,4
16470000,3
16473600,3
16477200,3
16480800,3
16484400,3
16488000,4
16491600,4
16495200,4
16498800,3
16502400,3
16506000,3
16509600,3
16513200,3
16516800,2
16520400,2
16524000,2
16527600,2
16531200,4
16534800,4
16538400,4
16542000,5
16545600,5
16549200,5
16552800,4
16556400,3
16560000,3
16563600,3
16567200,3
16570800,3
16574400,4
16578000,4
16581600,4
16585200,3
16588800,3
16592400,3
16596000,3
16599600,3
16603200,2
16606800,2
16610400,2
16614000,2
16617600,4
16621200,4
16624800,4
16628400,5
16632000,5
16635600,5
16639200,4
16642800,3
16646400,3
16650000,3
16653600,3
16657200,3
16660800,4
16664400,4
16668000,4
16671600,3
16675200,3
16678800,3
16682400,3
16686000,3
16689600,2
16693200,2
16696800,2
16700400,2
16704000,4
16707600,4
16711200,4
16714800,5
16718400,5
16722000,5
16725600,4
16729200,3
16732800,3
16736400,3
16740000,3
16743600,3
16747200,4
16750800,4
16754400,4
16758000,3
16761600,3
16765200,3
16768800,3
16772400,3
16776000,2
16779600,2
16783200,2
16786800,2
16790400,4
16794000,4
16797600,4
16801200,5
16804800,5
16808400,5
16812000,4
16815600,3
16819200,3
16822800,3
16826400,3
16830000,3
16833600,4
16837200,4
16840800,4
16844400,3
16848000,3
16851600,3
16855200,3
16858800,3
16862400,2
16866000,2
16869600,2
16873200,2
16876800,4
16880400,4
16884000,4
16887600,5
16891200,5
16894800,5
16898400,4
16902000,3
16905600,3
16909200,3
16912800,3
16916400,3
16920000,4
16923600,4
16927200,4
16930800,3
16934400,3
16938000,3
16941600,3
16945200,3
16948800,2
16952400,2
16956000,2
16959600,2
16963200,4
16966800,4
16970400,4
16974000,5
16977600,5
16981200,5
16984800,4
16988400,3
16992000,3
16995600,3
16999200,3
17002800,3
17006400,4
17010000,4
17013600,4
17017200,3
17020800,3
17024400,3
17028000,3
17031600,3
17035200,2
17038800,2
17042400,2
17046000,2
17049600,4
17053200,4
17056800,4
17060400,5
17064000,5
17067600,5
17071200,4
17074800,3
17078400,3
17082000,3
17085600,3
17089200,3
17092800,4
17096400,4
17100000,4
17103600,3
17107200,3
17110800,3
17114400,3
17118000,3
17121600,2
17125200,2
17128800,2
17132400,2
17136000,4
17139600,4
17143200,4
17146800,5
17150400,5
17154000,5
17157600,4
17161200,3
17164800,3
17168400,3
17172000,3
17175600,3
17179200,4
17182800,4
17186400,4
17190000,3
17193600,3
17197200,3
17200800,3
17204400,3
17208000,2
17211600,2
17215200,2
17218800,2
17222400,4
17226000,4
17229600,4
17233200,5
17236800,5
17240400,5
17244000,4
17247600,3
17251200,3
17254800,3
17258400,3
17262000,3
17265600,4
17269200,4
17272800,4
17276400,3
17280000,3
17283600,3
17287200,3
17290800,3
17294400,2
17298000,2
17301600,2
17305200,2
17308800,4
17312400,4
17316000,4
17319600,5
17323200,5
17326800,5
17330400,4
17334000,3
17337600,3
17341200,3
17344800,3
17348400,3
17352000,4
17355600,4
17359200,4
17362800,3
17366400,3
17370000,3
17373600,3
17377200,3
17380800,2
17384400,2
17388000,2
17391600,2
17395200,4
17398800,4
17402400,4
17406000,5
17409600,5
17413200,5
17416800,4
17420400,3
17424000,3
17427600,3
17431200,3
17434800,3
17438400,4
17442000,4
17445600,4
17449200,3
17452800,3
17456400,3
17460000,3
17463600,3
17467200,2
17470800,2
17474400,2
17478000,2
17481600,4
17485200,4
17488800,4
17492400,5
17496000,5
17499600,5
17503200,4
17506800,3
17510400,3
17514000,3
17517600,3
17521200,3
17524800,4
17528400,4
17532000,4
17535600,3
17539200,3
17542800,3
17546400,3
17550000,3
17553600,2
17557200,2
17560800,2
17564400,2
17568000,4
17571600,4
17575200,4
17578800,5
17582400,5
17586000,5
17589600,4
17593200,3
17596800,3
17600400,3
17604000,3
17607600,3
17611200,4
17614800,4
17618400,4
17622000,3
17625600,3
17629200,3
17632800,3
17636400,3
17640000,2
17643600,2
17647200,2
17650800,2
17654400,4
17658000,4
17661600,4
17665200,5
17668800,5
17672400,5
17676000,4
17679600,3
17683200,3
17686800,3
17690400,3
17694000,3
17697600,4
17701200,4
17704800,4
17708400,3
17712000,3
17715600,3
17719200,3
17722800,3
17726400,2
17730000,2
17733600,2
17737200,2
17740800,4
17744400,4
17748000,4
17751600,5
17755200,5
17758800,5
17762400,4
17766000,3
17769600,3
17773200,3
17776800,3
17780400,3
17784000,4
17787600,4
17791200,4
17794800,3
17798400,3
17802000,3
17805600,3
17809200,3
17812800,2
17816400,2
17820000,2
17823600,2
17827200,4
17830800,4
17834400,4
17838000,5
17841600,5
17845200,5
17848800,4
17852400,3
17856000,3
17859600,3
17863200,3
17866800,3
17870400,4
17874000,4
17877600,4
17881200,3
17884800,3
17888400,3
17892000,3
17895600,3
17899200,2
17902800,2
17906400,2
17910000,2
17913600,4
17917200,4
17920800,4
17924400,5
17928000,5
17931600,5
17935200,4
17938800,3
17942400,3
17946000,3
17949600,3
17953200,3
17956800,4
17960400,4
17964000,4
17967600,3
17971200,3
17974800,3
17978400,3
17982000,3
17985600,2
17989200,2
17992800,2
17996400,2
18000000,4
18003600,4
18007200,4
18010800,5
18014400,5
18018000,5
18021600,4
18025200,3
18028800,3
18032400,3
18036000,3
18039600,3
18043200,4
18046800,4
18050400,4
18054000,3
18057600,3
18061200,3
18064800,3
18068400,3
18072000,2
18075600,2
18079200,2
18082800,2
18086400,4
18090000,4
18093600,4
18097200,5
18100800,5
18104400,5
18108000,4
18111600,3
18115200,3
18118800,3
18122400,3
18126000,3
18129600,4
18133200,4
18136800,4
18140400,3
18144000,3
18147600,3
18151200,3
18154800,3
18158400,2
18162000,2
18165600,2
18169200,2
18172800,4
18176400,4
18180000,4
18183600,5
18187200,5
18190800,5
18194400,4
18198000,3
18201600,3
18205200,3
18208800,3
18212400,3
18216000,4
18219600,4
18223200,4
18226800,3
18230400,3
18234000,3
18237600,3
18241200,3
18244800,2
18248400,2
18252000,2
18255600,2
18259200,4
18262800,4
18266400,4
18270000,5
18273600,5
18277200,5
18280800,4
18284400,3
18288000,3
18291600,3
18295200,3
18298800,3
18302400,4
18306000,4
18309600,4
18313200,3
18316800,3
18320400,3
18324000,3
18327600,3
18331200,2
18334800,2
18338400,2
18342000,2
18345600,4
18349200,4
18352800,4
18356400,5
18360000,5
18363600,5
18367200,4
18370800,3
18374400,3
18378000,3
18381600,3
18385200,3
18388800,4
18392400,4
18396000,4
18399600,3
18403200,3
18406800,3
18410400,3
18414000,3
18417600,2
18421200,2
18424800,2
18428400,2
18432000,4
18435600,4
18439200,4
18442800,5
18446400,5
18450000,5
18453600,4
18457200,3
18460800,3
18464400,3
18468000,3
18471600,3
18475200,4
18478800,4
18482400,4
18486000,3
18489600,3
18493200,3
18496800,3
18500400,3
18504000,2
18507600,2
18511200,2
18514800,2
18518400,4
18522000,4
18525600,4
18529200,5
18532800,5
18536400,5
18540000,4
18543600,3
18547200,3
18550800,3
18554400,3
18558000,3
18561600,4
18565200,4
18568800,4
18572400,3
18576000,3
18579600,3
18583200,3
18586800,3
18590400,2
18594000,2
18597600,2
18601200,2
18604800,4
18608400,4
18612000,4
18615600,5
18619200,5
18622800,5
18626400,4
18630000,3
18633600,3
18637200,3
18640800,3
18644400,3
18648000,4
18651600,4
18655200,4
18658800,3
18662400,3
18666000,3
18669600,3
18673200,3
18676800,2
18680400,2
18684000,2
18687600,2
18691200,4
18694800,4
18698400,4
18702000,5
18705600,5
18709200,5
18712800,4
18716400,3
18720000,3
18723600,3
18727200,3
18730800,3
18734400,4
18738000,4
18741600,4
18745200,3
18748800,3
18752400,3
18756000,3
18759600,3
18763200,2
18766800,2
18770400,2
18774000,2
18777600,4
18781200,4
18784800,4
18788400,5
18792000,5
18795600,5
18799200,4
18802800,3
18806400,3
18810000,3
18813600,3
18817200,3
18820800,4
18824400,4
18828000,4
18831600,3
18835200,3
18838800,3
18842400,3
18846000,3
18849600,2
18853200,2
18856800,2
18860400,2
18864000,4
18867600,4
18871200,4
18874800,5
18878400,5
18882000,5
18885600,4
18889200,3
18892800,3
18896400,3
18900000,3
18903600,3
18907200,4
18910800,4
18914400,4
18918000,3
18921600,3
18925200,3
18928800,3
18932400,3
18936000,2
18939600,2
18943200,2
18946800,2
18950400,4
18954000,4
18957600,4
18961200,5
18964800,5
18968400,5
18972000,4
18975600,3
18979200,3
18982800,3
18986400,3
18990000,3
18993600,4
18997200,4
19000800,4
19004400,3
19008000,3
19011600,3
19015200,3
19018800,3
19022400,2
19026000,2
19029600,2
19033200,2
19036800,4
19040400,4
19044000,4
19047600,5
19051200,5
19054800,5
19058400,4
19062000,3
19065600,3
19069200,3
19072800,3
19076400,3
19080000,4
19083600,4
19087200,4
19090800,3
19094400,3
19098000,3
19101600,3
19105200,3
19108800,2
19112400,2
19116000,2
19119600,2
19123200,4
19126800,4
19130400,4
19134000,5
19137600,5
19141200,5
19144800,4
19148400,3
19152000,3
19155600,3
19159200,3
19162800,3
19166400,4
19170000,4
19173600,4
19177200,3
19180800,3
19184400,3
19188000,3
19191600,3
19195200,2
19198800,2
19202400,2
19206000,2
19209600,4
19213200,4
19216800,4
19220400,5
19224000,5
19227600,5
19231200,4
19234800,3
19238400,3
19242000,3
19245600,3
19249200,3
19252800,4
19256400,4
19260000,4
19263600,3
19267200,3
19270800,3
19274400,3
19278000,3
19281600,2
19285200,2
19288800,2
19292400,2
19296000,4
19299600,4
19303200,4
19306800,5
19310400,5
19314000,5
19317600,4
19321200,3
19324800,3
19328400,3
19332000,3
19335600,3
19339200,4
19342800,4
19346400,4
19350000,3
19353600,3
19357200,3
19360800,3
19364400,3
19368000,2
19371600,2
19375200,2
19378800,2
19382400,4
19386000,4
19389600,4
19393200,5
19396800,5
19400400,5
19404000,4
19407600,3
19411200,3
19414800,3
19418400,3
19422000,3
19425600,4
19429200,4
19432800,4
19436400,3
19440000,3
19443600,3
19447200,3
19450800,3
19454400,2
19458000,2
19461600,2
19465200,2
19468800,4
19472400,4
19476000,4
19479600,5
19483200,5
19486800,5
19490400,4
19494000,3
19497600,3
19501200,3
19504800,3
19508400,3
19512000,4
19515600,4
19519200,4
19522800,3
19526400,3
19530000,3
19533600,3
19537200,3
19540800,2
19544400,2
19548000,2
19551600,2
19555200,4
19558800,4
19562400,4
19566000,5
19569600,5
19573200,5
19576800,4
19580400,3
19584000,3
19587600,3
19591200,3
19594800,3
19598400,4
19602000,4
19605600,4
19609200,3
19612800,3
19616400,3
19620000,3
19623600,3
19627200,2
19630800,2
19634400,2
19638000,2
19641600,4
19645200,4
19648800,4
19652400,5
19656000,5
19659600,5
19663200,4
19666800,3
19670400,3
19674000,3
19677600,3
19681200,3
19684800,4
19688400,4
19692000,4
19695600,3
19699200,3
19702800,3
19706400,3
19710000,3
19713600,2
19717200,2
19720800,2
19724400,2
19728000,4
19731600,4
19735200,4
19738800,5
19742400,5
19746000,5
19749600,4
19753200,3
19756800,3
19760400,3
19764000,3
19767600,3
19771200,4
19774800,4
19778400,4
19782000,3
19785600,3
19789200,3
19792800,3
19796400,3
19800000,2
19803600,2
19807200,2
19810800,2
19814400,4
19818000,4
19821600,4
19825200,5
19828800,5
19832400,5
19836000,4
19839600,3
19843200,3
19846800,3
19850400,3
19854000,3
19857600,4
19861200,4
19864800,4
19868400,3
19872000,3
19875600,3
19879200,3
19882800,3
19886400,2
19890000,2
19893600,2
19897200,2
19900800,4
19904400,4
19908000,4
19911600,5
19915200,5
19918800,5
19922400,4
19926000,3
19929600,3
19933200,3
19936800,3
19940400,3
19944000,4
19947600,4
19951200,4
19954800,3
19958400,3
19962000,3
19965600,3
19969200,3
19972800,2
19976400,2
19980000,2
19983600,2
19987200,4
19990800,4
19994400,4
19998000,5
20001600,5
20005200,5
20008800,4
20012400,3
20016000,3
20019600,3
20023200,3
20026800,3
20030400,4
20034000,4
20037600,4
20041200,3
20044800,3
20048400,3
20052000,3
20055600,3
20059200,2
20062800,2
20066400,2
20070000,2
20073600,4
20077200,4
20080800,4
20084400,5
20088000,5
20091600,5
20095200,4
20098800,3
20102400,3
20106000,3
20109600,3
20113200,3
20116800,4
20120400,4
20124000,4
20127600,3
20131200,3
20134800,3
20138400,3
20142000,3
20145600,2
20149200,2
20152800,2
20156400,2
20160000,4
20163600,4
20167200,4
20170800,5
20174400,5
20178000,5
20181600,4
20185200,3
20188800,3
20192400,3
20196000,3
20199600,3
20203200,4
20206800,4
20210400,4
20214000,3
20217600,3
20221200,3
20224800,3
20228400,3
20232000,2
20235600,2
20239200,2
20242800,2
20246400,4
20250000,4
20253600,4
20257200,5
20260800,5
20264400,5
20268000,4
20271600,3
20275200,3
20278800,3
20282400,3
20286000,3
20289600,4
20293200,4
20296800,4
20300400,3
20304000,3
20307600,3
20311200,3
20314800,3
20318400,2
20322000,2
20325600,2
20329200,2
20332800,4
20336400,4
20340000,4
20343600,5
20347200,5
20350800,5
20354400,4
20358000,3
20361600,3
20365200,3
20368800,3
20372400,3
20376000,4
20379600,4
20383200,4
20386800,3
20390400,3
20394000,3
20397600,3
20401200,3
20404800,2
20408400,2
20412000,2
20415600,2
20419200,4
20422800,4
20426400,4
20430000,5
20433600,5
20437200,5
20440800,4
20444400,3
20448000,3
20451600,3
20455200,3
20458800,3
20462400,4
20466000,4
20469600,4
20473200,3
20476800,3
20480400,3
20484000,3
20487600,3
20491200,2
20494800,2
20498400,2
20502000,2
20505600,4
20509200,4
20512800,4
20516400,5
20520000,5
20523600,5
20527200,4
20530800,3
20534400,3
20538000,3
20541600,3
20545200,3
20548800,4
20552400,4
20556000,4
20559600,3
20563200,3
20566800,3
20570400,3
20574000,3
20577600,2
20581200,2
20584800,2
20588400,2
20592000,4
20595600,4
20599200,4
20602800,5
20606400,5
20610000,5
20613600,4
20617200,3
20620800,3
20624400,3
20628000,3
20631600,3
20635200,4
20638800,4
20642400,4
20646000,3
20649600,3
20653200,3
20656800,3
20660400,3
20664000,2
20667600,2
20671200,2
20674800,2
20678400,4
20682000,4
20685600,4
20689200,5
20692800,5
20696400,5
20700000,4
20703600,3
20707200,3
20710800,3
20714400,3
20718000,3
20721600,4
20725200,4
20728800,4
20732400,3
20736000,3
20739600,3
20743200,3
20746800,3
20750400,2
20754000,2
20757600,2
20761200,2
20764800,4
20768400,4
20772000,4
20775600,5
20779200,5
20782800,5
20786400,4
20790000,3
20793600,3
20797200,3
20800800,3
20804400,3
20808000,4
20811600,4
20815200,4
20818800,3
20822400,3
20826000,3
20829600,3
20833200,3
20836800,2
20840400,2
20844000,2
20847600,2
20851200,4
20854800,4
20858400,4
20862000,5
20865600,5
20869200,5
20872800,4
20876400,3
20880000,3
20883600,3
20887200,3
20890800,3
20894400,4
20898000,4
20901600,4
20905200,3
20908800,3
20912400,3
20916000,3
20919600,3
20923200,2
20926800,2
20930400,2
20934000,2
20937600,4
20941200,4
20944800,4
20948400,5
20952000,5
20955600,5
20959200,4
20962800,3
20966400,3
20970000,3
20973600,3
20977200,3
20980800,4
20984400,4
20988000,4
20991600,3
20995200,3
20998800,3
21002400,3
21006000,3
21009600,2
21013200,2
21016800,2
21020400,2
21024000,4
21027600,4
21031200,4
21034800,5
21038400,5
21042000,5
21045600,4
21049200,3
21052800,3
21056400,3
21060000,3
21063600,3
21067200,4
21070800,4
21074400,4
21078000,3
21081600,3
21085200,3
21088800,3
21092400,3
21096000,2
21099600,2
21103200,2
21106800,2
21110400,4
21114000,4
21117600,4
21121200,5
21124800,5
21128400,5
21132000,4
21135600,3
21139200,3
21142800,3
21146400,3
21150000,3
21153600,4
21157200,4
21160800,4
21164400,3
21168000,3
21171600,3
21175200,3
21178800,3
21182400,2
21186000,2
21189600,2
21193200,2
21196800,4
21200400,4
21204000,4
21207600,5
21211200,5
21214800,5
21218400,4
21222000,3
21225600,3
21229200,3
21232800,3
21236400,3
21240000,4
21243600,4
21247200,4
21250800,3
21254400,3
21258000,3
21261600,3
21265200,3
21268800,2
21272400,2
21276000,2
21279600,2
21283200,4
21286800,4
21290400,4
21294000,5
21297600,5
21301200,5
21304800,4
21308400,3
21312000,3
21315600,3
21319200,3
21322800,3
21326400,4
21330000,4
21333600,4
21337200,3
21340800,3
21344400,3
21348000,3
21351600,3
21355200,2
21358800,2
21362400,2
21366000,2
21369600,4
21373200,4
21376800,4
21380400,5
21384000,5
21387600,5
21391200,4
21394800,3
21398400,3
21402000,3
21405600,3
21409200,3
21412800,4
21416400,4
21420000,4
21423600,3
21427200,3
21430800,3
21434400,3
21438000,3
21441600,2
21445200,2
21448800,2
21452400,2
21456000,4
21459600,4
21463200,4
21466800,5
21470400,5
21474000,5
21477600,4
21481200,3
21484800,3
21488400,3
21492000,3
21495600,3
21499200,4
21502800,4
21506400,4
21510000,3
21513600,3
21517200,3
21520800,3
21524400,3
21528000,2
21531600,2
21535200,2
21538800,2
21542400,4
21546000,4
21549600,4
21553200,5
21556800,5
21560400,5
21564000,4
21567600,3
21571200,3
21574800,3
21578400,3
21582000,3
21585600,4
21589200,4
21592800,4
21596400,3
21600000,3
21603600,3
21607200,3
21610800,3
21614400,2
21618000,2
21621600,2
21625200,2
21628800,4
21632400,4
21636000,4
21639600,5
21643200,5
21646800,5
21650400,4
21654000,3
21657600,3
21661200,3
21664800,3
21668400,3
21672000,4
21675600,4
21679200,4
21682800,3
21686400,3
21690000,3
21693600,3
21697200,3
21700800,2
21704400,2
21708000,2
21711600,2
21715200,4
21718800,4
21722400,4
21726000,5
21729600,5
21733200,5
21736800,4
21740400,3
21744000,3
21747600,3
21751200,3
21754800,3
21758400,4
21762000,4
21765600,4
21769200,3
21772800,3
21776400,3
21780000,3
21783600,3
21787200,2
21790800,2
21794400,2
21798000,2
21801600,4
21805200,4
21808800,4
21812400,5
21816000,5
21819600,5
21823200,4
21826800,3
21830400,3
21834000,3
21837600,3
21841200,3
21844800,4
21848400,4
21852000,4
21855600,3
21859200,3
21862800,3
21866400,3
21870000,3
21873600,2
21877200,2
21880800,2
21884400,2
21888000,4
21891600,4
21895200,4
21898800,5
21902400,5
21906000,5
21909600,4
21913200,3
21916800,3
21920400,3
21924000,3
21927600,3
21931200,4
21934800,4
21938400,4
21942000,3
21945600,3
21949200,3
21952800,3
21956400,3
21960000,2
21963600,2
21967200,2
21970800,2
21974400,4
21978000,4
21981600,4
21985200,5
21988800,5
21992400,5
21996000,4
21999600,3
22003200,3
22006800,3
22010400,3
22014000,3
22017600,4
22021200,4
22024800,4
22028400,3
22032000,3
22035600,3
22039200,3
22042800,3
22046400,2
22050000,2
22053600,2
22057200,2
22060800,4
22064400,4
22068000,4
22071600,5
22075200,5
22078800,5
22082400,4
22086000,3
22089600,3
22093200,3
22096800,3
22100400,3
22104000,4
22107600,4
22111200,4
22114800,3
22118400,3
22122000,3
22125600,3
22129200,3
22132800,2
22136400,2
22140000,2
22143600,2
22147200,4
22150800,4
22154400,4
22158000,5
22161600,5
22165200,5
22168800,4
22172400,3
22176000,3
22179600,3
22183200,3
22186800,3
22190400,4
22194000,4
22197600,4
22201200,3
22204800,3
22208400,3
22212000,3
22215600,3
22219200,2
22222800,2
22226400,2
22230000,2
22233600,4
22237200,4
22240800,4
22244400,5
22248000,5
22251600,5
22255200,4
22258800,3
22262400,3
22266000,3
22269600,3
22273200,3
22276800,4
22280400,4
22284000,4
22287600,3
22291200,3
22294800,3
22298400,3
22302000,3
22305600,2
22309200,2
22312800,2
22316400,2
22320000,4
22323600,4
22327200,4
22330800,5
22334400,5
22338000,5
22341600,4
22345200,3
22348800,3
22352400,3
22356000,3
22359600,3
22363200,4
22366800,4
22370400,4
22374000,3
22377600,3
22381200,3
22384800,3
22388400,3
22392000,2
22395600,2
22399200,2
22402800,2
22406400,4
22410000,4
22413600,4
22417200,5
22420800,5
22424400,5
22428000,4
22431600,3
22435200,3
22438800,3
22442400,3
22446000,3
22449600,4
22453200,4
22456800,4
22460400,3
22464000,3
22467600,3
22471200,3
22474800,3
22478400,2
22482000,2
22485600,2
22489200,2
22492800,4
22496400,4
22500000,4
22503600,5
22507200,5
22510800,5
22514400,4
22518000,3
22521600,3
22525200,3
22528800,3
22532400,3
22536000,4
22539600,4
22543200,4
22546800,3
22550400,3
22554000,3
22557600,3
22561200,3
22564800,2
22568400,2
22572000,2
22575600,2
22579200,4
22582800,4
22586400,4
22590000,5
22593600,5
22597200,5
22600800,4
22604400,3
22608000,3
22611600,3
22615200,3
22618800,3
22622400,4
22626000,4
22629600,4
22633200,3
22636800,3
22640400,3
22644000,3
22647600,3
22651200,2
22654800,2
22658400,2
22662000,2
22665600,4
22669200,4
22672800,4
22676400,5
22680000,5
22683600,5
22687200,4
22690800,3
22694400,3
22698000,3
22701600,3
22705200,3
22708800,4
22712400,4
22716000,4
22719600,3
22723200,3
22726800,3
22730400,3
22734000,3
22737600,2
22741200,2
22744800,2
22748400,2
22752000,4
22755600,4
22759200,4
22762800,5
22766400,5
22770000,5
22773600,4
22777200,3
22780800,3
22784400,3
22788000,3
22791600,3
22795200,4
22798800,4
22802400,4
22806000,3
22809600,3
22813200,3
22816800,3
22820400,3
22824000,2
22827600,2
22831200,2
22834800,2
22838400,4
22842000,4
22845600,4
22849200,5
22852800,5
22856400,5
22860000,4
22863600,3
22867200,3
22870800,3
22874400,3
22878000,3
22881600,4
22885200,4
22888800,4
22892400,3
22896000,3
22899600,3
22903200,3
22906800,3
22910400,2
22914000,2
22917600,2
22921200,2
22924800,4
22928400,4
22932000,4
22935600,5
22939200,5
22942800,5
22946400,4
22950000,3
22953600,3
22957200,3
22960800,3
22964400,3
22968000,4
22971600,4
22975200,4
22978800,3
22982400,3
22986000,3
22989600,3
22993200,3
22996800,2
23000400,2
23004000,2
23007600,2
23011200,4
23014800,4
23018400,4
23022000,5
23025600,5
23029200,5
23032800,4
23036400,3
23040000,3
23043600,3
23047200,3
23050800,3
23054400,4
23058000,4
23061600,4
23065200,3
23068800,3
23072400,3
23076000,3
23079600,3
23083200,2
23086800,2
23090400,2
23094000,2
23097600,4
23101200,4
23104800,4
23108400,5
23112000,5
23115600,5
23119200,4
23122800,3
23126400,3
23130000,3
23133600,3
23137200,3
23140800,4
23144400,4
23148000,4
23151600,3
23155200,3
23158800,3
23162400,3
23166000,3
23169600,2
23173200,2
23176800,2
23180400,2
23184000,4
23187600,4
23191200,4
23194800,5
23198400,5
23202000,5
23205600,4
23209200,3
23212800,3
23216400,3
23220000,3
23223600,3
23227200,4
23230800,4
23234400,4
23238000,3
23241600,3
23245200,3
23248800,3
23252400,3
23256000,2
23259600,2
23263200,2
23266800,2
23270400,4
23274000,4
23277600,4
23281200,5
23284800,5
23288400,5
23292000,4
23295600,3
23299200,3
23302800,3
23306400,3
23310000,3
23313600,4
23317200,4
23320800,4
23324400,3
23328000,3
23331600,3
23335200,3
23338800,3
23342400,2
23346000,2
23349600,2
23353200,2
23356800,4
23360400,4
23364000,4
23367600,5
23371200,5
23374800,5
23378400,4
23382000,3
23385600,3
23389200,3
23392800,3
23396400,3
23400000,4
23403600,4
23407200,4
23410800,3
23414400,3
23418000,3
23421600,3
23425200,3
23428800,2
23432400,2
23436000,2
23439600,2
23443200,4
23446800,4
23450400,4
23454000,5
23457600,5
23461200,5
23464800,4
23468400,3
23472000,3
23475600,3
23479200,3
23482800,3
23486400,4
23490000,4
23493600,4
23497200,3
23500800,3
23504400,3
23508000,3
23511600,3
23515200,2
23518800,2
23522400,2
23526000,2
23529600,4
23533200,4
23536800,4
23540400,5
23544000,5
23547600,5
23551200,4
23554800,3
23558400,3
23562000,3
23565600,3
23569200,3
23572800,4
23576400,4
23580000,4
23583600,3
23587200,3
23590800,3
23594400,3
23598000,3
23601600,2
23605200,2
23608800,2
23612400,2
23616000,4
23619600,4
23623200,4
23626800,5
23630400,5
23634000,5
23637600,4
23641200,3
23644800,3
23648400,3
23652000,3
23655600,3
23659200,4
23662800,4
23666400,4
23670000,3
23673600,3
23677200,3
23680800,3
23684400,3
23688000,2
23691600,2
23695200,2
23698800,2
23702400,4
23706000,4
23709600,4
23713200,5
23716800,5
23720400,5
23724000,4
23727600,3
23731200,3
23734800,3
23738400,3
23742000,3
23745600,4
23749200,4
23752800,4
23756400,3
23760000,3
23763600,3
23767200,3
23770800,3
23774400,2
23778000,2
23781600,2
23785200,2
23788800,4
23792400,4
23796000,4
23799600,5
23803200,5
23806800,5
23810400,4
23814000,3
23817600,3
23821200,3
23824800,3
23828400,3
23832000,4
23835600,4
23839200,4
23842800,3
23846400,3
23850000,3
23853600,3
23857200,3
23860800,2
23864400,2
23868000,2
23871600,2
23875200,4
23878800,4
23882400,4
23886000,5
23889600,5
23893200,5
23896800,4
23900400,3
23904000,3
23907600,3
23911200,3
23914800,3
23918400,4
23922000,4
23925600,4
23929200,3
23932800,3
23936400,3
23940000,3
23943600,3
23947200,2
23950800,2
23954400,2
23958000,2
23961600,4
23965200,4
23968800,4
23972400,5
23976000,5
23979600,5
23983200,4
23986800,3
23990400,3
23994000,3
23997600,3
24001200,3
24004800,4
24008400,4
24012000,4
24015600,3
24019200,3
24022800,3
24026400,3
24030000,3
24033600,2
24037200,2
24040800,2
24044400,2
24048000,4
24051600,4
24055200,4
24058800,5
24062400,5
24066000,5
24069600,4
24073200,3
24076800,3
24080400,3
24084000,3
24087600,3
24091200,4
24094800,4
24098400,4
24102000,3
24105600,3
24109200,3
24112800,3
24116400,3
24120000,2
24123600,2
24127200,2
24130800,2
24134400,4
24138000,4
24141600,4
24145200,5
24148800,5
24152400,5
24156000,4
24159600,3
24163200,3
24166800,3
24170400,3
24174000,3
24177600,4
24181200,4
24184800,4
24188400,3
24192000,3
24195600,3
24199200,3
24202800,3
24206400,2
24210000,2
24213600,2
24217200,2
24220800,4
24224400,4
24228000,4
24231600,5
24235200,5
24238800,5
24242400,4
24246000,3
24249600,3
24253200,3
24256800,3
24260400,3
24264000,4
24267600,4
24271200,4
24274800,3
24278400,3
24282000,3
24285600,3
24289200,3
24292800,2
24296400,2
24300000,2
24303600,2
24307200,4
24310800,4
24314400,4
24318000,5
24321600,5
24325200,5
24328800,4
24332400,3
24336000,3
24339600,3
24343200,3
24346800,3
24350400,4
24354000,4
24357600,4
24361200,3
24364800,3
24368400,3
24372000,3
24375600,3
24379200,2
24382800,2
24386400,2
24390000,2
24393600,4
24397200,4
24400800,4
24404400,5
24408000,5
24411600,5
24415200,4
24418800,3
24422400,3
24426000,3
24429600,3
24433200,3
24436800,4
24440400,4
24444000,4
24447600,3
24451200,3
24454800,3
24458400,3
24462000,3
24465600,2
24469200,2
24472800,2
24476400,2
24480000,4
24483600,4
24487200,4
24490800,5
24494400,5
24498000,5
24501600,4
24505200,3
24508800,3
24512400,3
24516000,3
24519600,3
24523200,4
24526800,4
24530400,4
24534000,3
24537600,3
24541200,3
24544800,3
24548400,3
24552000,2
24555600,2
24559200,2
24562800,2
24566400,4
24570000,4
24573600,4
24577200,5
24580800,5
24584400,5
24588000,4
24591600,3
24595200,3
24598800,3
24602400,3
24606000,3
24609600,4
24613200,4
24616800,4
24620400,3
24624000,3
24627600,3
24631200,3
24634800,3
24638400,2
24642000,2
24645600,2
24649200,2
24652800,4
24656400,4
24660000,4
24663600,5
24667200,5
24670800,5
24674400,4
24678000,3
24681600,3
24685200,3
24688800,3
24692400,3
24696000,4
24699600,4
24703200,4
24706800,3
24710400,3
24714000,3
24717600,3
24721200,3
24724800,2
24728400,2
24732000,2
24735600,2
24739200,4
24742800,4
24746400,4
24750000,5
24753600,5
24757200,5
24760800,4
24764400,3
24768000,3
24771600,3
24775200,3
24778800,3
24782400,4
24786000,4
24789600,4
24793200,3
24796800,3
24800400,3
24804000,3
24807600,3
24811200,2
24814800,2
24818400,2
24822000,2
24825600,4
24829200,4
24832800,4
24836400,5
24840000,5
24843600,5
24847200,4
24850800,3
24854400,3
24858000,3
24861600,3
24865200,3
24868800,4
24872400,4
24876000,4
24879600,3
24883200,3
24886800,3
24890400,3
24894000,3
24897600,2
24901200,2
24904800,2
24908400,2
24912000,4
24915600,4
24919200,4
24922800,5
24926400,5
24930000,5
24933600,4
24937200,3
24940800,3
24944400,3
24948000,3
24951600,3
24955200,4
24958800,4
24962400,4
24966000,3
24969600,3
24973200,3
24976800,3
24980400,3
24984000,2
24987600,2
24991200,2
24994800,2
24998400,4
25002000,4
25005600,4
25009200,5
25012800,5
25016400,5
25020000,4
25023600,3
25027200,3
25030800,3
25034400,3
25038000,3
25041600,4
25045200,4
25048800,4
25052400,3
25056000,3
25059600,3
25063200,3
25066800,3
25070400,2
25074000,2
25077600,2
25081200,2
25084800,4
25088400,4
25092000,4
25095600,5
25099200,5
25102800,5
25106400,4
25110000,3
25113600,3
25117200,3
25120800,3
25124400,3
25128000,4
25131600,4
25135200,4
25138800,3
25142400,3
25146000,3
25149600,3
25153200,3
25156800,2
25160400,2
25164000,2
25167600,2
25171200,4
25174800,4
25178400,4
25182000,5
25185600,5
25189200,5
25192800,4
25196400,3
25200000,3
25203600,3
25207200,3
25210800,3
25214400,4
25218000,4
25221600,4
25225200,3
25228800,3
25232400,3
25236000,3
25239600,3
25243200,2
25246800,2
25250400,2
25254000,2
25257600,4
25261200,4
25264800,4
25268400,5
25272000,5
25275600,5
25279200,4
25282800,3
25286400,3
25290000,3
25293600,3
25297200,3
25300800,4
25304400,4
25308000,4
25311600,3
25315200,3
25318800,3
25322400,3
25326000,3
25329600,2
25333200,2
25336800,2
25340400,2
25344000,4
25347600,4
25351200,4
25354800,5
25358400,5
25362000,5
25365600,4
25369200,3
25372800,3
25376400,3
25380000,3
25383600,3
25387200,4
25390800,4
25394400,4
25398000,3
25401600,3
25405200,3
25408800,3
25412400,3
25416000,2
25419600,2
25423200,2
25426800,2
25430400,4
25434000,4
25437600,4
25441200,5
25444800,5
25448400,5
25452000,4
25455600,3
25459200,3
25462800,3
25466400,3
25470000,3
25473600,4
25477200,4
25480800,4
25484400,3
25488000,3
25491600,3
25495200,3
25498800,3
25502400,2
25506000,2
25509600,2
25513200,2
25516800,4
25520400,4
25524000,4
25527600,5
25531200,5
25534800,5
25538400,4
25542000,3
25545600,3
25549200,3
25552800,3
25556400,3
25560000,4
25563600,4
25567200,4
25570800,3
25574400,3
25578000,3
25581600,3
25585200,3
25588800,2
25592400,2
25596000,2
25599600,2
25603200,4
25606800,4
25610400,4
25614000,5
25617600,5
25621200,5
25624800,4
25628400,3
25632000,3
25635600,3
25639200,3
25642800,3
25646400,4
25650000,4
25653600,4
25657200,3
25660800,3
25664400,3
25668000,3
25671600,3
25675200,2
25678800,2
25682400,2
25686000,2
25689600,4
25693200,4
25696800,4
25700400,5
25704000,5
25707600,5
25711200,4
25714800,3
25718400,3
25722000,3
25725600,3
25729200,3
25732800,4
25736400,4
25740000,4
25743600,3
25747200,3
25750800,3
25754400,3
25758000,3
25761600,2
25765200,2
25768800,2
25772400,2
25776000,4
25779600,4
25783200,4
25786800,5
25790400,5
25794000,5
25797600,4
25801200,3
25804800,3
25808400,3
25812000,3
25815600,3
25819200,4
25822800,4
25826400,4
25830000,3
25833600,3
25837200,3
25840800,3
25844400,3
25848000,2
25851600,2
25855200,2
25858800,2
25862400,4
25866000,4
25869600,4
25873200,5
25876800,5
25880400,5
25884000,4
25887600,3
25891200,3
25894800,3
25898400,3
25902000,3
25905600,4
25909200,4
25912800,4
25916400,3
25920000,3
25923600,3
25927200,3
25930800,3
25934400,2
25938000,2
25941600,2
25945200,2
25948800,4
25952400,4
25956000,4
25959600,5
25963200,5
25966800,5
25970400,4
25974000,3
25977600,3
25981200,3
25984800,3
25988400,3
25992000,4
25995600,4
25999200,4
26002800,3
26006400,3
26010000,3
26013600,3
26017200,3
26020800,2
26024400,2
26028000,2
26031600,2
26035200,4
26038800,4
26042400,4
26046000,5
26049600,5
26053200,5
26056800,4
26060400,3
26064000,3
26067600,3
26071200,3
26074800,3
26078400,4
26082000,4
26085600,4
26089200,3
26092800,3
26096400,3
26100000,3
26103600,3
26107200,2
26110800,2
26114400,2
26118000,2
26121600,4
26125200,4
26128800,4
26132400,5
26136000,5
26139600,5
26143200,4
26146800,3
26150400,3
26154000,3
26157600,3
26161200,3
26164800,4
26168400,4
26172000,4
26175600,3
26179200,3
26182800,3
26186400,3
26190000,3
26193600,2
26197200,2
26200800,2
26204400,2
26208000,4
26211600,4
26215200,4
26218800,5
26222400,5
26226000,5
26229600,4
26233200,3
26236800,3
26240400,3
26244000,3
26247600,3
26251200,4
26254800,4
26258400,4
26262000,3
26265600,3
26269200,3
26272800,3
26276400,3
26280000,2
26283600,2
26287200,2
26290800,2
26294400,4
26298000,4
26301600,4
26305200,5
26308800,5
26312400,5
26316000,4
26319600,3
26323200,3
26326800,3
26330400,3
26334000,3
26337600,4
26341200,4
26344800,4
26348400,3
26352000,3
26355600,3
26359200,3
26362800,3
26366400,2
26370000,2
26373600,2
26377200,2
26380800,4
26384400,4
26388000,4
26391600,5
26395200,5
26398800,5
26402400,4
26406000,3
26409600,3
26413200,3
26416800,3
26420400,3
26424000,4
26427600,4
26431200,4
26434800,3
26438400,3
26442000,3
26445600,3
26449200,3
26452800,2
26456400,2
26460000,2
26463600,2
26467200,4
26470800,4
26474400,4
26478000,5
26481600,5
26485200,5
26488800,4
26492400,3
26496000,3
26499600,3
26503200,3
26506800,3
26510400,4
26514000,4
26517600,4
26521200,3
26524800,3
26528400,3
26532000,3
26535600,3
26539200,2
26542800,2
26546400,2
26550000,2
26553600,4
26557200,4
26560800,4
26564400,5
26568000,5
26571600,5
26575200,4
26578800,3
26582400,3
26586000,3
26589600,3
26593200,3
26596800,4
26600400,4
26604000,4
26607600,3
26611200,3
26614800,3
26618400,3
26622000,3
26625600,2
26629200,2
26632800,2
26636400,2
26640000,4
26643600,4
26647200,4
26650800,5
26654400,5
26658000,5
26661600,4
26665200,3
26668800,3
26672400,3
26676000,3
26679600,3
26683200,4
26686800,4
26690400,4
26694000,3
26697600,3
26701200,3
26704800,3
26708400,3
26712000,2
26715600,2
26719200,2
26722800,2
26726400,4
26730000,4
26733600,4
26737200,5
26740800,5
26744400,5
26748000,4
26751600,3
26755200,3
26758800,3
26762400,3
26766000,3
26769600,4
26773200,4
26776800,4
26780400,3
26784000,3
26787600,3
26791200,3
26794800,3
26798400,2
26802000,2
26805600,2
26809200,2
26812800,4
26816400,4
26820000,4
26823600,5
26827200,5
26830800,5
26834400,4
26838000,3
26841600,3
26845200,3
26848800,3
26852400,3
26856000,4
26859600,4
26863200,4
26866800,3
26870400,3
26874000,3
26877600,3
26881200,3
26884800,2
26888400,2
26892000,2
26895600,2
26899200,4
26902800,4
26906400,4
26910000,5
26913600,5
26917200,5
26920800,4
26924400,3
26928000,3
26931600,3
26935200,3
26938800,3
26942400,4
26946000,4
26949600,4
26953200,3
26956800,3
26960400,3
26964000,3
26967600,3
26971200,2
26974800,2
26978400,2
26982000,2
26985600,4
26989200,4
26992800,4
26996400,5
27000000,5
27003600,5
27007200,4
27010800,3
27014400,3
27018000,3
27021600,3
27025200,3
27028800,4
27032400,4
27036000,4
27039600,3
27043200,3
27046800,3
27050400,3
27054000,3
27057600,2
27061200,2
27064800,2
27068400,2
27072000,4
27075600,4
27079200,4
27082800,5
27086400,5
27090000,5
27093600,4
27097200,3
27100800,3
27104400,3
27108000,3
27111600,3
27115200,4
27118800,4
27122400,4
27126000,3
27129600,3
27133200,3
27136800,3
27140400,3
27144000,2
27147600,2
27151200,2
27154800,2
27158400,4
27162000,4
27165600,4
27169200,5
27172800,5
27176400,5
27180000,4
27183600,3
27187200,3
27190800,3
27194400,3
27198000,3
27201600,4
27205200,4
27208800,4
27212400,3
27216000,3
27219600,3
27223200,3
27226800,3
27230400,2
27234000,2
27237600,2
27241200,2
27244800,4
27248400,4
27252000,4
27255600,5
27259200,5
27262800,5
27266400,4
27270000,3
27273600,3
27277200,3
27280800,3
27284400,3
27288000,4
27291600,4
27295200,4
27298800,3
27302400,3
27306000,3
27309600,3
27313200,3
27316800,2
27320400,2
27324000,2
27327600,2
27331200,4
27334800,4
27338400,4
27342000,5
27345600,5
27349200,5
27352800,4
27356400,3
27360000,3
27363600,3
27367200,3
27370800,3
27374400,4
27378000,4
27381600,4
27385200,3
27388800,3
27392400,3
27396000,3
27399600,3
27403200,2
27406800,2
27410400,2
27414000,2
27417600,4
27421200,4
27424800,4
27428400,5
27432000,5
27435600,5
27439200,4
27442800,3
27446400,3
27450000,3
27453600,3
27457200,3
27460800,4
27464400,4
27468000,4
27471600,3
27475200,3
27478800,3
27482400,3
27486000,3
27489600,2
27493200,2
27496800,2
27500400,2
27504000,4
27507600,4
27511200,4
27514800,5
27518400,5
27522000,5
27525600,4
27529200,3
27532800,3
27536400,3
27540000,3
27543600,3
27547200,4
27550800,4
27554400,4
27558000,3
27561600,3
27565200,3
27568800,3
27572400,3
27576000,2
27579600,2
27583200,2
27586800,2
27590400,4
27594000,4
27597600,4
27601200,5
27604800,5
27608400,5
27612000,4
27615600,3
27619200,3
27622800,3
27626400,3
27630000,3
27633600,4
27637200,4
27640800,4
27644400,3
27648000,3
27651600,3
27655200,3
27658800,3
27662400,2
27666000,2
27669600,2
27673200,2
27676800,4
27680400,4
27684000,4
27687600,5
27691200,5
27694800,5
27698400,4
27702000,3
27705600,3
27709200,3
27712800,3
27716400,3
27720000,4
27723600,4
27727200,4
27730800,3
27734400,3
27738000,3
27741600,3
27745200,3
27748800,2
27752400,2
27756000,2
27759600,2
27763200,4
27766800,4
27770400,4
27774000,5
27777600,5
27781200,5
27784800,4
27788400,3
27792000,3
27795600,3
27799200,3
27802800,3
27806400,4
27810000,4
27813600,4
27817200,3
27820800,3
27824400,3
27828000,3
27831600,3
27835200,2
27838800,2
27842400,2
27846000,2
27849600,4
27853200,4
27856800,4
27860400,5
27864000,5
27867600,5
27871200,4
27874800,3
27878400,3
27882000,3
27885600,3
27889200,3
27892800,4
27896400,4
27900000,4
27903600,3
27907200,3
27910800,3
27914400,3
27918000,3
27921600,2
27925200,2
27928800,2
27932400,2
27936000,4
27939600,4
27943200,4
27946800,5
27950400,5
27954000,5
27957600,4
27961200,3
27964800,3
27968400,3
27972000,3
27975600,3
27979200,4
27982800,4
27986400,4
27990000,3
27993600,3
27997200,3
28000800,3
28004400,3
28008000,2
28011600,2
28015200,2
28018800,2
28022400,4
28026000,4
28029600,4
28033200,5
28036800,5
28040400,5
28044000,4
28047600,3
28051200,3
28054800,3
28058400,3
28062000,3
28065600,4
28069200,4
28072800,4
28076400,3
28080000,3
28083600,3
28087200,3
28090800,3
28094400,2
28098000,2
28101600,2
28105200,2
28108800,4
28112400,4
28116000,4
28119600,5
28123200,5
28126800,5
28130400,4
28134000,3
28137600,3
28141200,3
28144800,3
28148400,3
28152000,4
28155600,4
28159200,4
28162800,3
28166400,3
28170000,3
28173600,3
28177200,3
28180800,2
28184400,2
28188000,2
28191600,2
28195200,4
28198800,4
28202400,4
28206000,5
28209600,5
28213200,5
28216800,4
28220400,3
28224000,3
28227600,3
28231200,3
28234800,3
28238400,4
28242000,4
28245600,4
28249200,3
28252800,3
28256400,3
28260000,3
28263600,3
28267200,2
28270800,2
28274400,2
28278000,2
28281600,4
28285200,4
28288800,4
28292400,5
28296000,5
28299600,5
28303200,4
28306800,3
28310400,3
28314000,3
28317600,3
28321200,3
28324800,4
28328400,4
28332000,4
28335600,3
28339200,3
28342800,3
28346400,3
28350000,3
28353600,2
28357200,2
28360800,2
28364400,2
28368000,4
28371600,4
28375200,4
28378800,5
28382400,5
28386000,5
28389600,4
28393200,3
28396800,3
28400400,3
28404000,3
28407600,3
28411200,4
28414800,4
28418400,4
28422000,3
28425600,3
28429200,3
28432800,3
28436400,3
28440000,2
28443600,2
28447200,2
28450800,2
28454400,4
28458000,4
28461600,4
28465200,5
28468800,5
28472400,5
28476000,4
28479600,3
28483200,3
28486800,3
28490400,3
28494000,3
28497600,4
28501200,4
28504800,4
28508400,3
28512000,3
28515600,3
28519200,3
28522800,3
28526400,2
28530000,2
28533600,2
28537200,2
28540800,4
28544400,4
28548000,4
28551600,5
28555200,5
28558800,5
28562400,4
28566000,3
28569600,3
28573200,3
28576800,3
28580400,3
28584000,4
28587600,4
28591200,4
28594800,3
28598400,3
28602000,3
28605600,3
28609200,3
28612800,2
28616400,2
28620000,2
28623600,2
28627200,4
28630800,4
28634400,4
28638000,5
28641600,5
28645200,5
28648800,4
28652400,3
28656000,3
28659600,3
28663200,3
28666800,3
28670400,4
28674000,4
28677600,4
28681200,3
28684800,3
28688400,3
28692000,3
28695600,3
28699200,2
28702800,2
28706400,2
28710000,2
28713600,4
28717200,4
28720800,4
28724400,5
28728000,5
28731600,5
28735200,4
28738800,3
28742400,3
28746000,3
28749600,3
28753200,3
28756800,4
28760400,4
28764000,4
28767600,3
28771200,3
28774800,3
28778400,3
28782000,3
28785600,2
28789200,2
28792800,2
28796400,2
28800000,4
28803600,4
28807200,4
28810800,5
28814400,5
28818000,5
28821600,4
28825200,3
28828800,3
28832400,3
28836000,3
28839600,3
28843200,4
28846800,4
28850400,4
28854000,3
28857600,3
28861200,3
28864800,3
28868400,3
28872000,2
28875600,2
28879200,2
28882800,2
28886400,4
28890000,4
28893600,4
28897200,5
28900800,5
28904400,5
28908000,4
28911600,3
28915200,3
28918800,3
28922400,3
28926000,3
28929600,4
28933200,4
28936800,4
28940400,3
28944000,3
28947600,3
28951200,3
28954800,3
28958400,2
28962000,2
28965600,2
28969200,2
28972800,4
28976400,4
28980000,4
28983600,5
28987200,5
28990800,5
28994400,4
28998000,3
29001600,3
29005200,3
29008800,3
29012400,3
29016000,4
29019600,4
29023200,4
29026800,3
29030400,3
29034000,3
29037600,3
29041200,3
29044800,2
29048400,2
29052000,2
29055600,2
29059200,4
29062800,4
29066400,4
29070000,5
29073600,5
29077200,5
29080800,4
29084400,3
29088000,3
29091600,3
29095200,3
29098800,3
29102400,4
29106000,4
29109600,4
29113200,3
29116800,3
29120400,3
29124000,3
29127600,3
29131200,2
29134800,2
29138400,2
29142000,2
29145600,4
29149200,4
29152800,4
29156400,5
29160000,5
29163600,5
29167200,4
29170800,3
29174400,3
29178000,3
29181600,3
29185200,3
29188800,4
29192400,4
29196000,4
29199600,3
29203200,3
29206800,3
29210400,3
29214000,3
29217600,2
29221200,2
29224800,2
29228400,2
29232000,4
29235600,4
29239200,4
29242800,5
29246400,5
29250000,5
29253600,4
29257200,3
29260800,3
29264400,3
29268000,3
29271600,3
29275200,4
29278800,4
29282400,4
29286000,3
29289600,3
29293200,3
29296800,3
29300400,3
29304000,2
29307600,2
29311200,2
29314800,2
29318400,4
29322000,4
29325600,4
29329200,5
29332800,5
29336400,5
29340000,4
29343600,3
29347200,3
29350800,3
29354400,3
29358000,3
29361600,4
29365200,4
29368800,4
29372400,3
29376000,3
29379600,3
29383200,3
29386800,3
29390400,2
29394000,2
29397600,2
29401200,2
29404800,4
29408400,4
29412000,4
29415600,5
29419200,5
29422800,5
29426400,4
29430000,3
29433600,3
29437200,3
29440800,3
29444400,3
29448000,4
29451600,4
29455200,4
29458800,3
29462400,3
29466000,3
29469600,3
29473200,3
29476800,2
29480400,2
29484000,2
29487600,2
29491200,4
29494800,4
29498400,4
29502000,5
29505600,5
29509200,5
29512800,4
29516400,3
29520000,3
29523600,3
29527200,3
29530800,3
29534400,4
29538000,4
29541600,4
29545200,3
29548800,3
29552400,3
29556000,3
29559600,3
29563200,2
29566800,2
29570400,2
29574000,2
29577600,4
29581200,4
29584800,4
29588400,5
29592000,5
29595600,5
29599200,4
29602800,3
29606400,3
29610000,3
29613600,3
29617200,3
29620800,4
29624400,4
29628000,4
29631600,3
29635200,3
29638800,3
29642400,3
29646000,3
29649600,2
29653200,2
29656800,2
29660400,2
29664000,4
29667600,4
29671200,4
29674800,5
29678400,5
29682000,5
29685600,4
29689200,3
29692800,3
29696400,3
29700000,3
29703600,3
29707200,4
29710800,4
29714400,4
29718000,3
29721600,3
29725200,3
29728800,3
29732400,3
29736000,2
29739600,2
29743200,2
29746800,2
29750400,4
29754000,4
29757600,4
29761200,5
29764800,5
29768400,5
29772000,4
29775600,3
29779200,3
29782800,3
29786400,3
29790000,3
29793600,4
29797200,4
29800800,4
29804400,3
29808000,3
29811600,3
29815200,3
29818800,3
29822400,2
29826000,2
29829600,2
29833200,2
29836800,4
29840400,4
29844000,4
29847600,5
29851200,5
29854800,5
29858400,4
29862000,3
29865600,3
29869200,3
29872800,3
29876400,3
29880000,4
29883600,4
29887200,4
29890800,3
29894400,3
29898000,3
29901600,3
29905200,3
29908800,2
29912400,2
29916000,2
29919600,2
29923200,4
29926800,4
29930400,4
29934000,5
29937600,5
29941200,5
29944800,4
29948400,3
29952000,3
29955600,3
29959200,3
29962800,3
29966400,4
29970000,4
29973600,4
29977200,3
29980800,3
29984400,3
29988000,3
29991600,3
29995200,2
29998800,2
30002400,2
30006000,2
30009600,4
30013200,4
30016800,4
30020400,5
30024000,5
30027600,5
30031200,4
30034800,3
30038400,3
30042000,3
30045600,3
30049200,3
30052800,4
30056400,4
30060000,4
30063600,3
30067200,3
30070800,3
30074400,3
30078000,3
30081600,2
30085200,2
30088800,2
30092400,2
30096000,4
30099600,4
30103200,4
30106800,5
30110400,5
30114000,5
30117600,4
30121200,3
30124800,3
30128400,3
30132000,3
30135600,3
30139200,4
30142800,4
30146400,4
30150000,3
30153600,3
30157200,3
30160800,3
30164400,3
30168000,2
30171600,2
30175200,2
30178800,2
30182400,4
30186000,4
30189600,4
30193200,5
30196800,5
30200400,5
30204000,4
30207600,3
30211200,3
30214800,3
30218400,3
30222000,3
30225600,4
30229200,4
30232800,4
30236400,3
30240000,3
30243600,3
30247200,3
30250800,3
30254400,2
30258000,2
30261600,2
30265200,2
30268800,4
30272400,4
30276000,4
30279600,5
30283200,5
30286800,5
30290400,4
30294000,3
30297600,3
30301200,3
30304800,3
30308400,3
30312000,4
30315600,4
30319200,4
30322800,3
30326400,3
30330000,3
30333600,3
30337200,3
30340800,2
30344400,2
30348000,2
30351600,2
30355200,4
30358800,4
30362400,4
30366000,5
30369600,5
30373200,5
30376800,4
30380400,3
30384000,3
30387600,3
30391200,3
30394800,3
30398400,4
30402000,4
30405600,4
30409200,3
30412800,3
30416400,3
30420000,3
30423600,3
30427200,2
30430800,2
30434400,2
30438000,2
30441600,4
30445200,4
30448800,4
30452400,5
30456000,5
30459600,5
30463200,4
30466800,3
30470400,3
30474000,3
30477600,3
30481200,3
30484800,4
30488400,4
30492000,4
30495600,3
30499200,3
30502800,3
30506400,3
30510000,3
30513600,2
30517200,2
30520800,2
30524400,2
30528000,4
30531600,4
30535200,4
30538800,5
30542400,5
30546000,5
30549600,4
30553200,3
30556800,3
30560400,3
30564000,3
30567600,3
30571200,4
30574800,4
30578400,4
30582000,3
30585600,3
30589200,3
30592800,3
30596400,3
30600000,2
30603600,2
30607200,2
30610800,2
30614400,4
30618000,4
30621600,4
30625200,5
30628800,5
30632400,5
30636000,4
30639600,3
30643200,3
30646800,3
30650400,3
30654000,3
30657600,4
30661200,4
30664800,4
30668400,3
30672000,3
30675600,3
30679200,3
30682800,3
30686400,2
30690000,2
30693600,2
30697200,2
30700800,4
30704400,4
30708000,4
30711600,5
30715200,5
30718800,5
30722400,4
30726000,3
30729600,3
30733200,3
30736800,3
30740400,3
30744000,4
30747600,4
30751200,4
30754800,3
30758400,3
30762000,3
30765600,3
30769200,3
30772800,2
30776400,2
30780000,2
30783600,2
30787200,4
30790800,4
30794400,4
30798000,5
30801600,5
30805200,5
30808800,4
30812400,3
30816000,3
30819600,3
30823200,3
30826800,3
30830400,4
30834000,4
30837600,4
30841200,3
30844800,3
30848400,3
30852000,3
30855600,3
30859200,2
30862800,2
30866400,2
30870000,2
30873600,4
30877200,4
30880800,4
30884400,5
30888000,5
30891600,5
30895200,4
30898800,3
30902400,3
30906000,3
30909600,3
30913200,3
30916800,4
30920400,4
30924000,4
30927600,3
30931200,3
30934800,3
30938400,3
30942000,3
30945600,2
30949200,2
30952800,2
30956400,2
30960000,4
30963600,4
30967200,4
30970800,5
30974400,5
30978000,5
30981600,4
30985200,3
30988800,3
30992400,3
30996000,3
30999600,3
31003200,4
31006800,4
31010400,4
31014000,3
31017600,3
31021200,3
31024800,3
31028400,3
31032000,2
31035600,2
31039200,2
31042800,2
31046400,4
31050000,4
31053600,4
31057200,5
31060800,5
31064400,5
31068000,4
31071600,3
31075200,3
31078800,3
31082400,3
31086000,3
31089600,4
31093200,4
31096800,4
31100400,3
31104000,3
31107600,3
31111200,3
31114800,3
31118400,2
31122000,2
31125600,2
31129200,2
31132800,4
31136400,4
31140000,4
31143600,5
31147200,5
31150800,5
31154400,4
31158000,3
31161600,3
31165200,3
31168800,3
31172400,3
31176000,4
31179600,4
31183200,4
31186800,3
31190400,3
31194000,3
31197600,3
31201200,3
31204800,2
31208400,2
31212000,2
31215600,2
31219200,4
31222800,4
31226400,4
31230000,5
31233600,5
31237200,5
31240800,4
31244400,3
31248000,3
31251600,3
31255200,3
31258800,3
31262400,4
31266000,4
31269600,4
31273200,3
31276800,3
31280400,3
31284000,3
31287600,3
31291200,2
31294800,2
31298400,2
31302000,2
31305600,4
31309200,4
31312800,4
31316400,5
31320000,5
31323600,5
31327200,4
31330800,3
31334400,3
31338000,3
31341600,3
31345200,3
31348800,4
31352400,4
31356000,4
31359600,3
31363200,3
31366800,3
31370400,3
31374000,3
31377600,2
31381200,2
31384800,2
31388400,2
31392000,4
31395600,4
31399200,4
31402800,5
31406400,5
31410000,5
31413600,4
31417200,3
31420800,3
31424400,3
31428000,3
31431600,3
31435200,4
31438800,4
31442400,4
31446000,3
31449600,3
31453200,3
31456800,3
31460400,3
31464000,2
31467600,2
31471200,2
31474800,2
31478400,4
31482000,4
31485600,4
31489200,5
31492800,5
31496400,5
31500000,4
31503600,3
31507200,3
31510800,3
31514400,3
31518000,3
31521600,4
31525200,4
31528800,4
31532400,3
31536000,3
